Workbook

Sheet Apple
A1: Date | B1: Price | C1: Open | D1: High | E1: Low | F1: Vol. | G1: Change %
A2: 46266 | B2: 336.13 | C2: 316.98 | D2: 338.49 | E2: 309.9 | F2: 615.91M | G2: 0.0608
A3: 46235 | B3: 316.85 | C3: 309.58 | D3: 322.37 | E3: 300.57 | F3: 902.41M | G3: 0.0257
A4: 46204 | B4: 308.91 | C4: 293.44 | D4: 344.57 | E4: 289.2 | F4: 1.20B | G4: 0.0676
A5: 46174 | B5: 289.36 | C5: 309.63 | D5: 317.4 | E5: 273.75 | F5: 1.40B | G5: -0.0727
A6: 46143 | B6: 312.06 | C6: 278.86 | D6: 315 | E6: 274.86 | F6: 981.29M | G6: 0.15
A7: 46113 | B7: 271.35 | C7: 254.08 | D7: 276 | E7: 245.7 | F7: 907.54M | G7: 0.0692
A8: 46082 | B8: 253.79 | C8: 262.41 | D8: 266.53 | E8: 245.51 | F8: 900.04M | G8: -0.0393
A9: 46054 | B9: 264.18 | C9: 260.03 | D9: 280.9 | E9: 255.45 | F9: 988.92M | G9: 0.0181
A10: 46023 | B10: 259.48 | C10: 272.26 | D10: 277.84 | E10: 243.42 | F10: 1.04B | G10: -0.0455
A11: 45992 | B11: 271.86 | C11: 278.01 | D11: 288.62 | E11: 266.95 | F11: 924.53M | G11: -0.0251
A12: 45962 | B12: 278.85 | C12: 270.42 | D12: 280.38 | E12: 265.32 | F12: 877.58M | G12: 0.0314
A13: 45931 | B13: 270.37 | C13: 255.04 | D13: 277.32 | E13: 244 | F13: 1.10B | G13: 0.0618
... A16: 45839 | B16: 207.57 | C16: 206.66 | D16: 216.23 | E16: 206.14 | F16: 1.08B | G16: 0.0117
A17: 06/01/2025 | B17: 205.17 | C17: 200.28 | D17: 207.39 | E17: 195.07 | F17: 1.10B | G17: 0.0215
A18: 05/01/2025 | B18: 200.85 | C18: 209.08 | D18: 214.56 | E18: 193.25 | F18: 1.20B | G18: -0.0548
A19: 04/01/2025 | B19: 212.5 | C19: 219.8 | D19: 225.19 | E19: 169.21 | F19: 1.61B | G19: -0.0434
A20: 03/01/2025 | B20: 222.13 | C20: 241.79 | D20: 244.03 | E20: 208.42 | F20: 1.12B | G20: -0.0815
A21: 02/01/2025 | B21: 241.84 | C21: 229.99 | D21: 250 | E21: 225.7 | F21: 862.32M | G21: 0.0247
A22: 01/01/2025 | B22: 236 | C22: 248.93 | D22: 249.1 | E22: 219.38 | F22: 1.20B | G22: -0.0576
A23: 12/01/2024 | B23: 250.42 | C23: 237.27 | D23: 260.1 | E23: 237.16 | F23: 977.94M | G23: 0.0552
A24: 11/01/2024 | B24: 237.33 | C24: 220.96 | D24: 237.81 | E24: 219.71 | F24: 891.64M | G24: 0.0506
A25: 10/01/2024 | B25: 225.91 | C25: 229.52 | D25: 237.49 | E25: 221.33 | F25: 930.84M | G25: -0.0304
A26: 09/01/2024 | B26: 233 | C26: 228.55 | D26: 233.09 | E26: 213.92 | F26: 1.23B | G26: 0.0175
A27: 08/01/2024 | B27: 229 | C27: 224.37 | D27: 232.92 | E27: 196 | F27: 1.12B | G27: 0.0312
A28: 07/01/2024 | B28: 222.08 | C28: 212.09 | D28: 237.23 | E28: 211.92 | F28: 1.15B | G28: 0.0544
... A173: 06/01/2012 | B173: 20.86 | C173: 20.33 | D173: 21.07 | E173: 19.59 | F173: 7.86B | G173: 0.0111

Sheet Microsoft
A1: Date | B1: Price | C1: Open | D1: High | E1: Low | F1: Vol. | G1: Change %
A2: 46266 | B2: 493.78 | C2: 497.52 | D2: 515.65 | E2: 486 | F2: 255.96M | G2: -0.0266
A3: 46235 | B3: 507.29 | C3: 476.13 | D3: 517.78 | E3: 475 | F3: 597.24M | G3: 0.0916
A4: 46204 | B4: 464.72 | C4: 380.83 | D4: 466.84 | E4: 373.35 | F4: 815.18M | G4: 0.2458
A5: 46174 | B5: 373.02 | C5: 464.84 | D5: 466.32 | E5: 349.2 | F5: 1.02B | G5: -0.1715
A6: 46143 | B6: 450.24 | C6: 412.8 | D6: 450.33 | E6: 400.88 | F6: 698.95M | G6: 0.1041
A7: 46113 | B7: 407.78 | C7: 373.49 | D7: 433.7 | E7: 364.15 | F7: 716.52M | G7: 0.1016
A8: 46082 | B8: 370.17 | C8: 392.86 | D8: 413.05 | E8: 356.28 | F8: 745.29M | G8: -0.0575
A9: 46054 | B9: 392.74 | C9: 430.23 | D9: 430.74 | E9: 381.71 | F9: 800.26M | G9: -0.0873
A10: 46023 | B10: 430.29 | C10: 484.39 | D10: 489.7 | E10: 421.02 | F10: 684.06M | G10: -0.1103
A11: 45992 | B11: 483.62 | C11: 488.43 | D11: 493.5 | E11: 470.88 | F11: 496.56M | G11: -0.0171
A12: 45962 | B12: 492.01 | C12: 519.8 | D12: 524.96 | E12: 464.89 | F12: 479.48M | G12: -0.0498
A13: 45931 | B13: 517.81 | C13: 514.8 | D13: 553.72 | E13: 506 | F13: 468.45M | G13: -0.0003
... A16: 45839 | B16: 533.5 | C16: 496.47 | D16: 555.45 | E16: 488.7 | F16: 396.89M | G16: 0.0726
A17: 06/01/2025 | B17: 497.41 | C17: 457.14 | D17: 500.76 | E17: 456.89 | F17: 401.28M | G17: 0.0805
A18: 05/01/2025 | B18: 460.36 | C18: 431.11 | D18: 462.52 | E18: 424.9 | F18: 476.96M | G18: 0.1647
A19: 04/01/2025 | B19: 395.26 | C19: 374.65 | D19: 396.66 | E19: 344.79 | F19: 563.14M | G19: 0.0529
A20: 03/01/2025 | B20: 375.39 | C20: 398.82 | D20: 402.15 | E20: 367.24 | F20: 491.81M | G20: -0.0544
A21: 02/01/2025 | B21: 396.99 | C21: 411.6 | D21: 419.31 | E21: 386.57 | F21: 432.47M | G21: -0.0435
A22: 01/01/2025 | B22: 415.06 | C22: 425.53 | D22: 448.38 | E22: 410.72 | F22: 462.56M | G22: -0.0153
A23: 12/01/2024 | B23: 421.5 | C23: 421.57 | D23: 456.16 | E23: 420.66 | F23: 439.91M | G23: -0.0046
A24: 11/01/2024 | B24: 423.46 | C24: 409.01 | D24: 429.33 | E24: 405.57 | F24: 442.32M | G24: 0.0421
A25: 10/01/2024 | B25: 406.35 | C25: 428.45 | D25: 438.5 | E25: 406.3 | F25: 440.77M | G25: -0.0557
A26: 09/01/2024 | B26: 430.3 | C26: 417.91 | D26: 441.85 | E26: 400.8 | F26: 376.97M | G26: 0.0315
A27: 08/01/2024 | B27: 417.14 | C27: 420.79 | D27: 427.46 | E27: 385.58 | F27: 451.92M | G27: -0.0029
A28: 07/01/2024 | B28: 418.35 | C28: 448.66 | D28: 468.35 | E28: 412.21 | F28: 440.45M | G28: -0.064
... A173: 06/01/2012 | B173: 30.59 | C173: 28.76 | D173: 31.14 | E173: 28.32 | F173: 973.17M | G173: 0.048

Sheet Google
A1: Date | B1: Price | C1: Open | D1: High | E1: Low | F1: Vol. | G1: Change %
A2: 46266 | B2: 349.54 | C2: 336 | D2: 359.44 | E2: 327.74 | F2: 337.81M | G2: 0.03
A3: 46235 | B3: 339.35 | C3: 365.45 | D3: 384.48 | E3: 337.16 | F3: 521.49M | G3: -0.0471
A4: 46204 | B4: 356.13 | C4: 358.37 | D4: 375.27 | E4: 314.9 | F4: 653.05M | G4: -0.0035
A5: 46174 | B5: 357.37 | C5: 376.52 | D5: 378.56 | E5: 330.2 | F5: 848.32M | G5: -0.0604
A6: 46143 | B6: 380.34 | C6: 381.63 | D6: 408.61 | E6: 378.46 | F6: 546.88M | G6: -0.0116
A7: 46113 | B7: 384.8 | C7: 290.83 | D7: 385.84 | E7: 289.45 | F7: 564.67M | G7: 0.3382
A8: 46082 | B8: 287.56 | C8: 303.23 | D8: 312.47 | E8: 272.11 | F8: 671.02M | G8: -0.0776
A9: 46054 | B9: 311.76 | C9: 336.22 | D9: 349 | E9: 296.25 | F9: 809.04M | G9: -0.0776
A10: 46023 | B10: 338 | C10: 316.9 | D10: 342.29 | E10: 310.33 | F10: 621.59M | G10: 0.0799
A11: 45992 | B11: 313 | C11: 317.7 | D11: 323.16 | E11: 296.12 | F11: 678.21M | G11: -0.0224
A12: 45962 | B12: 320.18 | C12: 282.17 | D12: 328.83 | E12: 270.7 | F12: 855.28M | G12: 0.1387
A13: 45931 | B13: 281.19 | C13: 240.75 | D13: 291.59 | E13: 235.84 | F13: 729.58M | G13: 0.1567
... A16: 45839 | B16: 191.9 | C16: 175.74 | D16: 197.95 | E16: 172.77 | F16: 860.11M | G16: 0.0889
A17: 06/01/2025 | B17: 176.23 | C17: 167.84 | D17: 181.23 | E17: 162 | F17: 847.45M | G17: 0.0261
A18: 05/01/2025 | B18: 171.74 | C18: 160.45 | D18: 176.77 | E18: 147.84 | F18: 942.81M | G18: 0.0815
A19: 04/01/2025 | B19: 158.8 | C19: 153.62 | D19: 166.1 | E19: 140.53 | F19: 842.65M | G19: 0.0269
A20: 03/01/2025 | B20: 154.64 | C20: 171.93 | D20: 174.97 | E20: 150.66 | F20: 732.19M | G20: -0.0918
A21: 02/01/2025 | B21: 170.28 | C21: 200.69 | D21: 207.05 | E21: 166.77 | F21: 629.46M | G21: -0.1654
A22: 01/01/2025 | B22: 204.02 | C22: 190.65 | D22: 205.48 | E22: 187.36 | F22: 500.38M | G22: 0.0778
A23: 12/01/2024 | B23: 189.3 | C23: 168.76 | D23: 201.42 | E23: 168.57 | F23: 645.62M | G23: 0.1204
A24: 11/01/2024 | B24: 168.95 | C24: 170.07 | D24: 182.49 | E24: 163.7 | F24: 529.99M | G24: -0.0126
A25: 10/01/2024 | B25: 171.11 | C25: 167.68 | D25: 182.02 | E25: 159.74 | F25: 569.36M | G25: 0.0317
A26: 09/01/2024 | B26: 165.85 | C26: 161.72 | D26: 166.15 | E26: 147.21 | F26: 532.68M | G26: 0.0151
A27: 08/01/2024 | B27: 163.38 | C27: 170.25 | D27: 174.05 | E27: 154.93 | F27: 550.74M | G27: -0.0476
A28: 07/01/2024 | B28: 171.54 | C28: 183.03 | D28: 191.75 | E28: 164.06 | F28: 526.15M | G28: -0.0582
... A173: 06/01/2012 | B173: 14.52 | C173: 14.31 | D173: 14.71 | E173: 13.93 | F173: 930.38M | G173: -0.0017

Sheet Amazon
A1: Date | B1: Price | C1: Open | D1: High | E1: Low | F1: Vol. | G1: Change %
A2: 46266 | B2: 253.71 | C2: 254.83 | D2: 261.12 | E2: 244.3 | F2: 414.85M | G2: -0.0233
A3: 46235 | B3: 259.77 | C3: 278.29 | D3: 287.2 | E3: 255.02 | F3: 810.86M | G3: -0.0435
A4: 46204 | B4: 271.58 | C4: 239.75 | D4: 273.23 | E4: 226.16 | F4: 1.01B | G4: 0.1395
A5: 46174 | B5: 238.34 | C5: 266.29 | D5: 266.63 | E5: 225.55 | F5: 1.31B | G5: -0.1193
A6: 46143 | B6: 270.64 | C6: 265.58 | D6: 278.56 | E6: 255.19 | F6: 790.29M | G6: 0.0211
A7: 46113 | B7: 265.06 | C7: 210.43 | D7: 273.88 | E7: 204.9 | F7: 1.03B | G7: 0.2727
A8: 46082 | B8: 208.27 | C8: 204.55 | D8: 220.47 | E8: 199.14 | F8: 1.01B | G8: -0.0082
A9: 46054 | B9: 210 | C9: 238.31 | D9: 246.35 | E9: 196 | F9: 1.26B | G9: -0.1224
A10: 46023 | B10: 239.3 | C10: 231.34 | D10: 248.94 | E10: 224.7 | F10: 842.06M | G10: 0.0367
A11: 45992 | B11: 230.82 | C11: 233.22 | D11: 238.97 | E11: 220.99 | F11: 787.96M | G11: -0.0103
A12: 45962 | B12: 233.22 | C12: 255.36 | D12: 258.6 | E12: 215.18 | F12: 902.27M | G12: -0.045
A13: 45931 | B13: 244.22 | C13: 217.36 | D13: 250.5 | E13: 211.03 | F13: 1.20B | G13: 0.1123
... A16: 45839 | B16: 234.11 | C16: 219.5 | D16: 236.53 | E16: 217.93 | F16: 856.02M | G16: 0.0671
A17: 06/01/2025 | B17: 219.39 | C17: 204.98 | D17: 223.82 | E17: 202.68 | F17: 870.80M | G17: 0.0701
A18: 05/01/2025 | B18: 205.01 | C18: 190.63 | D18: 214.84 | E18: 183.85 | F18: 937.37M | G18: 0.1116
A19: 04/01/2025 | B19: 184.42 | C19: 187.86 | D19: 198.34 | E19: 161.38 | F19: 1.31B | G19: -0.0307
A20: 03/01/2025 | B20: 190.26 | C20: 213.35 | D20: 214.01 | E20: 184.4 | F20: 966.86M | G20: -0.1037
A21: 02/01/2025 | B21: 212.28 | C21: 234.06 | D21: 242.52 | E21: 204.16 | F21: 783.72M | G21: -0.1069
A22: 01/01/2025 | B22: 237.68 | C22: 222.03 | D22: 241.77 | E22: 216.2 | F22: 652.63M | G22: 0.0834
A23: 12/01/2024 | B23: 219.39 | C23: 209.96 | D23: 233 | E23: 209.51 | F23: 760.92M | G23: 0.0553
A24: 11/01/2024 | B24: 207.89 | C24: 199 | D24: 215.9 | E24: 194.31 | F24: 905.94M | G24: 0.1153
A25: 10/01/2024 | B25: 186.4 | C25: 184.9 | D25: 195.61 | E25: 180.25 | F25: 734.07M | G25: 0.0004
A26: 09/01/2024 | B26: 186.33 | C26: 177.55 | D26: 195.37 | E26: 171.16 | F26: 765.13M | G26: 0.0439
A27: 08/01/2024 | B27: 178.5 | C27: 189.29 | D27: 190.6 | E27: 151.61 | F27: 971.02M | G27: -0.0454
A28: 07/01/2024 | B28: 186.98 | C28: 193.49 | D28: 201.2 | E28: 176.8 | F28: 868.12M | G28: -0.0324
... A173: 06/01/2012 | B173: 11.42 | C173: 10.42 | D173: 11.42 | E173: 10.32 | F173: 1.32B | G173: 0.0723

Sheet NVIDIA
A1: Date | B1: Price | C1: Open | D1: High | E1: Low | F1: Vol. | G1: Change %
A2: 46266 | B2: 222.27 | C2: 216.75 | D2: 234.76 | E2: 208.93 | F2: 1.54B | G2: 0.0067
A3: 46235 | B3: 220.78 | C3: 197.69 | D3: 230.47 | E3: 196.85 | F3: 2.68B | G3: 0.0998
A4: 46204 | B4: 200.75 | C4: 196.2 | D4: 214.39 | E4: 190.01 | F4: 2.85B | G4: 0.0033
A5: 46174 | B5: 200.09 | C5: 215.73 | D5: 232.28 | E5: 189.8 | F5: 3.43B | G5: -0.0523
A6: 46143 | B6: 211.14 | C6: 201.28 | D6: 236.54 | E6: 194.74 | F6: 3.32B | G6: 0.058
A7: 46113 | B7: 199.57 | C7: 176 | D7: 216.82 | E7: 171.37 | F7: 3.13B | G7: 0.1443
A8: 46082 | B8: 174.4 | C8: 175.01 | D8: 188.88 | E8: 164.27 | F8: 4.03B | G8: -0.0157
A9: 46054 | B9: 177.19 | C9: 187.2 | D9: 197.63 | E9: 171.03 | F9: 3.75B | G9: -0.0729
A10: 46023 | B10: 191.13 | C10: 189.84 | D10: 194.49 | E10: 177.61 | F10: 3.29B | G10: 0.0248
A11: 45992 | B11: 186.5 | C11: 174.76 | D11: 192.69 | E11: 170.31 | F11: 3.63B | G11: 0.0537
A12: 45962 | B12: 177 | C12: 208.08 | D12: 211.34 | E12: 169.55 | F12: 4.16B | G12: -0.1259
A13: 45931 | B13: 202.49 | C13: 185.24 | D13: 212.19 | E13: 176.76 | F13: 4.03B | G13: 0.0853
... A16: 45839 | B16: 177.87 | C16: 156.29 | D16: 183.3 | E16: 151.49 | F16: 3.60B | G16: 0.1258
A17: 06/01/2025 | B17: 157.99 | C17: 135.49 | D17: 158.71 | E17: 135.4 | F17: 3.82B | G17: 0.1692
A18: 05/01/2025 | B18: 135.13 | C18: 113.08 | D18: 143.49 | E18: 110.82 | F18: 4.76B | G18: 0.2406
A19: 04/01/2025 | B19: 108.92 | C19: 108.51 | D19: 115.1 | E19: 86.62 | F19: 6.81B | G19: 0.005
A20: 03/01/2025 | B20: 108.38 | C20: 123.51 | D20: 123.7 | E20: 103.65 | F20: 6.18B | G20: -0.1324
A21: 02/01/2025 | B21: 124.92 | C21: 114.75 | D21: 143.44 | E21: 113.01 | F21: 4.76B | G21: 0.0404
A22: 01/01/2025 | B22: 120.07 | C22: 136 | D22: 153.13 | E22: 116.25 | F22: 5.95B | G22: -0.1059
A23: 12/01/2024 | B23: 134.29 | C23: 138.83 | D23: 146.54 | E23: 126.86 | F23: 4.09B | G23: -0.0286
A24: 11/01/2024 | B24: 138.25 | C24: 134.7 | D24: 152.89 | E24: 131.8 | F24: 4.50B | G24: 0.0414
A25: 10/01/2024 | B25: 132.76 | C25: 121.76 | D25: 144.42 | E25: 115.14 | F25: 5.63B | G25: 0.0932
A26: 09/01/2024 | B26: 121.44 | C26: 116.01 | D26: 127.67 | E26: 100.95 | F26: 6.27B | G26: 0.0173
A27: 08/01/2024 | B27: 119.37 | C27: 117.53 | D27: 131.26 | E27: 90.69 | F27: 8.11B | G27: 0.0201
A28: 07/01/2024 | B28: 117.02 | C28: 123.47 | D28: 136.15 | E28: 102.54 | F28: 6.41B | G28: -0.0528
... A173: 06/01/2012 | B173: 0.35 | C173: 0.3 | D173: 0.35 | E173: 0.29 | F173: 11.53B | G173: 0.129

Sheet Meta(Facebook)
A1: Date | B1: Price | C1: Open | D1: High | E1: Low | F1: Vol. | G1: Change %
A2: 46266 | B2: 665.75 | C2: 558.34 | D2: 690.15 | E2: 556.1 | F2: 260.90M | G2: 0.1632
A3: 46235 | B3: 572.34 | C3: 562.24 | D3: 612.43 | E3: 537.27 | F3: 333.92M | G3: 0.0281
A4: 46204 | B4: 556.71 | C4: 607.91 | D4: 686.08 | E4: 524.49 | F4: 447.48M | G4: -0.0117
A5: 46174 | B5: 563.29 | C5: 630.4 | D5: 642.4 | E5: 540.18 | F5: 397.23M | G5: -0.1094
A6: 46143 | B6: 632.51 | C6: 614.69 | D6: 643 | E6: 592.6 | F6: 300.38M | G6: 0.0337
A7: 46113 | B7: 611.91 | C7: 580.13 | D7: 691.52 | E7: 559.7 | F7: 339.25M | G7: 0.0695
A8: 46082 | B8: 572.13 | C8: 637.16 | D8: 672.77 | E8: 520.26 | F8: 352.53M | G8: -0.1173
A9: 46054 | B9: 648.18 | C9: 714.6 | D9: 721.3 | E9: 628.15 | F9: 255.17M | G9: -0.0954
A10: 46023 | B10: 716.5 | C10: 662.72 | D10: 744 | E10: 600 | F10: 364.65M | G10: 0.0855
A11: 45992 | B11: 660.09 | C11: 639.55 | D11: 711 | E11: 637.55 | F11: 335.27M | G11: 0.0187
A12: 45962 | B12: 647.95 | C12: 656 | D12: 659.33 | E12: 581.25 | F12: 416.31M | G12: -0.0006
A13: 45931 | B13: 648.35 | C13: 721.49 | D13: 759.16 | E13: 645.57 | F13: 411.79M | G13: -0.1171
... A16: 45839 | B16: 773.44 | C16: 736.88 | D16: 784.75 | E16: 691.2 | F16: 273.11M | G16: 0.0479
A17: 06/01/2025 | B17: 738.09 | C17: 644.39 | D17: 747.9 | E17: 644.26 | F17: 254.79M | G17: 0.1399
A18: 05/01/2025 | B18: 647.49 | C18: 592.08 | D18: 662.67 | E18: 570.5 | F18: 292.50M | G18: 0.1794
A19: 04/01/2025 | B19: 549 | C19: 570.84 | D19: 592.66 | E19: 479.8 | F19: 451.37M | G19: -0.0475
A20: 03/01/2025 | B20: 576.36 | C20: 673.67 | D20: 681.25 | E20: 553.3 | F20: 363.47M | G20: -0.1374
A21: 02/01/2025 | B21: 668.2 | C21: 675.91 | D21: 740.91 | E21: 641.86 | F21: 298.43M | G21: -0.0304
A22: 01/01/2025 | B22: 689.18 | C22: 589.72 | D22: 710.79 | E22: 587.82 | F22: 317.94M | G22: 0.1771
A23: 12/01/2024 | B23: 585.51 | C23: 577.5 | D23: 638.4 | E23: 575.57 | F23: 263.23M | G23: 0.0195
A24: 11/01/2024 | B24: 574.32 | C24: 567.6 | D24: 599.66 | E24: 549.05 | F24: 237.81M | G24: 0.0119
A25: 10/01/2024 | B25: 567.58 | C25: 577.98 | D25: 602.95 | E25: 561.52 | F25: 265.91M | G25: -0.0085
A26: 09/01/2024 | B26: 572.44 | C26: 519.64 | D26: 577.4 | E26: 495.6 | F26: 246.45M | G26: 0.0981
A27: 08/01/2024 | B27: 521.31 | C27: 521 | D27: 544.23 | E27: 450.8 | F27: 323.38M | G27: 0.0979
A28: 07/01/2024 | B28: 474.83 | C28: 504.95 | D28: 542.81 | E28: 442.65 | F28: 324.02M | G28: -0.0583
... A173: 06/01/2012 | B173: 31.09 | C173: 28.89 | D173: 33.45 | E173: 25.52 | F173: 667.98M | G173: 0.0505

Sheet Samsung 005930
A1: Date | B1: Price | C1: Open | D1: High | E1: Low | F1: Vol. | G1: Change %
A2: 46266 | B2: 261000 | C2: 256500 | D2: 279000 | E2: 243000 | F2: 211.96M | G2: 0.0038
A3: 46235 | B3: 260000 | C3: 248000 | D3: 288000 | E3: 227500 | F3: 471.70M | G3: -0.0095
A4: 46204 | B4: 262500 | C4: 334500 | D4: 339000 | E4: 189200 | F4: 691.36M | G4: -0.2141
A5: 46174 | B5: 334000 | C5: 319500 | D5: 374500 | E5: 287500 | F5: 676.09M | G5: 0.0536
A6: 46143 | B6: 317000 | C6: 228000 | D6: 323000 | E6: 224000 | F6: 606.38M | G6: 0.4376
A7: 46113 | B7: 220500 | C7: 179000 | D7: 230000 | E7: 175000 | F7: 507.92M | G7: 0.3188
A8: 46082 | B8: 167200 | C8: 209500 | D8: 212500 | E8: 167000 | F8: 670.71M | G8: -0.2277
A9: 46054 | B9: 216500 | C9: 155700 | D9: 223000 | E9: 150400 | F9: 527.07M | G9: 0.3489
A10: 46023 | B10: 160500 | C10: 120200 | D10: 166600 | E10: 120200 | F10: 639.19M | G10: 0.3386
A11: 45992 | B11: 119900 | C11: 102000 | D11: 121200 | E11: 99900 | F11: 382.06M | G11: 0.193
A12: 45962 | B12: 100500 | C12: 106900 | D12: 112400 | E12: 94500 | F12: 467.67M | G12: -0.0651
A13: 45931 | B13: 107500 | C13: 84900 | D13: 108600 | E13: 84700 | F13: 529.79M | G13: 0.2813
... A16: 45839 | B16: 71400 | C16: 60400 | D16: 74000 | E16: 59800 | F16: 488.25M | G16: 0.194
A17: 06/01/2025 | B17: 59800 | C17: 56300 | D17: 61600 | E17: 56200 | F17: 359.47M | G17: 0.0641
A18: 05/01/2025 | B18: 56200 | C18: 55000 | D18: 58600 | E18: 53700 | F18: 261.64M | G18: 0.0126
A19: 04/01/2025 | B19: 55500 | C19: 58700 | D19: 59600 | E19: 52900 | F19: 314.70M | G19: -0.0398
A20: 03/01/2025 | B20: 57800 | C20: 53900 | D20: 62000 | E20: 52500 | F20: 406.86M | G20: 0.0606
A21: 02/01/2025 | B21: 54500 | C21: 51100 | D21: 59100 | E21: 50800 | F21: 410.94M | G21: 0.0401
A22: 01/01/2025 | B22: 52400 | C22: 52700 | D22: 57700 | E22: 51700 | F22: 338.45M | G22: -0.015
A23: 12/01/2024 | B23: 53200 | C23: 54300 | D23: 56600 | E23: 51900 | F23: 382.74M | G23: -0.0185
A24: 11/01/2024 | B24: 54200 | C24: 59000 | D24: 59600 | E24: 49900 | F24: 562.07M | G24: -0.0845
A25: 10/01/2024 | B25: 59200 | C25: 60500 | D25: 61900 | E25: 55700 | F25: 525.76M | G25: -0.0374
A26: 09/01/2024 | B26: 61500 | C26: 74500 | D26: 74700 | E26: 61500 | F26: 506.04M | G26: -0.1723
A27: 08/01/2024 | B27: 74300 | C27: 86000 | D27: 86100 | E27: 70200 | F27: 393.21M | G27: -0.1144
A28: 07/01/2024 | B28: 83900 | C28: 81500 | D28: 88800 | E28: 80000 | F28: 466.61M | G28: 0.0294
... A173: 06/01/2012 | B173: 24020 | C173: 24260 | D173: 25500 | E173: 22560 | F173: 360.98M | G173: -0.0083

Sheet Tesla
A1: Date | B1: Price | C1: Open | D1: High | E1: Low | F1: Vol. | G1: Change %
A2: 46266 | B2: 364.27 | C2: 360.9 | D2: 384.04 | E2: 349.92 | F2: 528.05M | G2: -0.01
A3: 46235 | B3: 367.95 | C3: 310.96 | D3: 368.92 | E3: 310.42 | F3: 725.32M | G3: 0.1823
A4: 46204 | B4: 311.21 | C4: 421.46 | D4: 432.86 | E4: 297.38 | F4: 934.90M | G4: -0.2601
A5: 46174 | B5: 420.6 | C5: 427.49 | D5: 433.6 | E5: 368.6 | F5: 1.00B | G5: -0.0349
A6: 46143 | B6: 435.79 | C6: 382.48 | D6: 453.4 | E6: 378.8 | F6: 1.05B | G6: 0.1419
A7: 46113 | B7: 381.63 | C7: 378.63 | D7: 409.28 | E7: 337.24 | F7: 1.42B | G7: 0.0266
A8: 46082 | B8: 371.75 | C8: 390.6 | D8: 416.38 | E8: 352.14 | F8: 1.36B | G8: -0.0764
A9: 46054 | B9: 402.51 | C9: 421.29 | D9: 436.35 | E9: 387.53 | F9: 1.12B | G9: -0.0648
A10: 46023 | B10: 430.41 | C10: 457.8 | D10: 458.34 | E10: 414.62 | F10: 1.28B | G10: -0.0429
A11: 45992 | B11: 449.72 | C11: 425.32 | D11: 498.83 | E11: 422.12 | F11: 1.64B | G11: 0.0454
A12: 45962 | B12: 430.17 | C12: 455.99 | D12: 474.07 | E12: 382.78 | F12: 1.63B | G12: -0.0578
A13: 45931 | B13: 456.56 | C13: 443.8 | D13: 470.75 | E13: 411.45 | F13: 2.03B | G13: 0.0266
... A16: 45839 | B16: 308.27 | C16: 298.46 | D16: 338 | E16: 288.77 | F16: 2.16B | G16: -0.0296
A17: 06/01/2025 | B17: 317.66 | C17: 343.5 | D17: 357.54 | E17: 273.21 | F17: 2.43B | G17: -0.0831
A18: 05/01/2025 | B18: 346.46 | C18: 280.01 | D18: 367.71 | E18: 271 | F18: 2.20B | G18: 0.2279
A19: 04/01/2025 | B19: 282.16 | C19: 263.8 | D19: 294.86 | E19: 214.25 | F19: 2.96B | G19: 0.0887
A20: 03/01/2025 | B20: 259.16 | C20: 300.34 | D20: 303.94 | E20: 217.02 | F20: 2.72B | G20: -0.1154
A21: 02/01/2025 | B21: 292.98 | C21: 386.68 | D21: 394 | E21: 273.6 | F21: 1.58B | G21: -0.2759
A22: 01/01/2025 | B22: 404.6 | C22: 390.1 | D22: 439.74 | E22: 373.04 | F22: 1.51B | G22: 0.0019
A23: 12/01/2024 | B23: 403.84 | C23: 352.38 | D23: 488.54 | E23: 348.2 | F23: 1.90B | G23: 0.17
A24: 11/01/2024 | B24: 345.16 | C24: 252.04 | D24: 361.93 | E24: 238.88 | F24: 2.09B | G24: 0.3815
A25: 10/01/2024 | B25: 249.85 | C25: 262.67 | D25: 273.54 | E25: 212.11 | F25: 1.91B | G25: -0.045
A26: 09/01/2024 | B26: 261.63 | C26: 215.26 | D26: 264.86 | E26: 209.64 | F26: 1.61B | G26: 0.2219
A27: 08/01/2024 | B27: 214.11 | C27: 227.69 | D27: 231.87 | E27: 182 | F27: 1.62B | G27: -0.0774
A28: 07/01/2024 | B28: 232.07 | C28: 201.02 | D28: 271 | E28: 200.85 | F28: 2.95B | G28: 0.1728
... A173: 06/01/2012 | B173: 2.09 | C173: 1.9 | D173: 2.3 | E173: 1.81 | F173: 391.99M | G173: 0.0609

Sheet Intel
A1: Date | B1: Price | C1: Open | D1: High | E1: Low | F1: Vol. | G1: Change %
A2: 46266 | B2: 108.6 | C2: 86.84 | D2: 111.37 | E2: 85.72 | F2: 1.36B | G2: 0.2133
A3: 46235 | B3: 89.51 | C3: 88.4 | D3: 107.57 | E3: 85.14 | F3: 2.11B | G3: -0.0076
A4: 46204 | B4: 90.2 | C4: 135 | D4: 135.74 | E4: 81.79 | F4: 2.57B | G4: -0.354
A5: 46174 | B5: 139.63 | C5: 109.43 | D5: 142.35 | E5: 98.33 | F5: 2.76B | G5: 0.2176
A6: 46143 | B6: 114.68 | C6: 93.2 | D6: 132.75 | E6: 92.61 | F6: 2.84B | G6: 0.2138
A7: 46113 | B7: 94.48 | C7: 45 | D7: 95.69 | E7: 44.98 | F7: 2.88B | G7: 1.1409
A8: 46082 | B8: 44.13 | C8: 44.2 | D8: 49.17 | E8: 40.63 | F8: 1.88B | G8: -0.0324
A9: 46054 | B9: 45.61 | C9: 45.63 | D9: 51.49 | E9: 42.88 | F9: 1.72B | G9: -0.0185
A10: 46023 | B10: 46.47 | C10: 37.77 | D10: 54.6 | E10: 37.76 | F10: 2.95B | G10: 0.2593
A11: 45992 | B11: 36.9 | C11: 39.86 | D11: 44.02 | E11: 34.95 | F11: 1.63B | G11: -0.0902
A12: 45962 | B12: 40.56 | C12: 40.25 | D12: 40.59 | E12: 32.89 | F12: 1.48B | G12: 0.0143
A13: 45931 | B13: 39.99 | C13: 33.53 | D13: 42.48 | E13: 33.5 | F13: 2.78B | G13: 0.192
... A16: 45839 | B16: 19.8 | C16: 22.33 | D16: 24.04 | E16: 19.66 | F16: 1.84B | G16: -0.1161
A17: 06/01/2025 | B17: 22.4 | C17: 19.48 | D17: 23.38 | E17: 19.37 | F17: 1.85B | G17: 0.1458
A18: 05/01/2025 | B18: 19.55 | C18: 20.22 | D18: 22.88 | E18: 19.31 | F18: 1.40B | G18: -0.0274
A19: 04/01/2025 | B19: 20.1 | C19: 22.56 | D19: 23.9 | E19: 17.67 | F19: 2.42B | G19: -0.1149
A20: 03/01/2025 | B20: 22.71 | C20: 25 | D20: 26.41 | E20: 19.29 | F20: 2.20B | G20: -0.043
A21: 02/01/2025 | B21: 23.73 | C21: 18.97 | D21: 27.55 | E21: 18.78 | F21: 2.31B | G21: 0.2213
A22: 01/01/2025 | B22: 19.43 | C22: 20.23 | D22: 22.41 | E22: 18.73 | F22: 1.47B | G22: -0.0309
A23: 12/01/2024 | B23: 20.05 | C23: 24.84 | D23: 25.48 | E23: 18.9 | F23: 1.68B | G23: -0.1663
A24: 11/01/2024 | B24: 24.05 | C24: 23 | D24: 26.43 | E24: 21.91 | F24: 1.44B | G24: 0.1176
A25: 10/01/2024 | B25: 21.52 | C25: 23.46 | D25: 23.82 | E25: 21.47 | F25: 1.27B | G25: -0.0827
A26: 09/01/2024 | B26: 23.46 | C26: 21.54 | D26: 24.66 | E26: 18.51 | F26: 2.13B | G26: 0.0644
A27: 08/01/2024 | B27: 22.04 | C27: 30.43 | D27: 30.71 | E27: 18.84 | F27: 2.01B | G27: -0.283
A28: 07/01/2024 | B28: 30.74 | C28: 30.91 | D28: 37.16 | E28: 30 | F28: 1.19B | G28: -0.0074
... A173: 06/01/2012 | B173: 26.65 | C173: 25.4 | D173: 27.75 | E173: 24.84 | F173: 789.56M | G173: 0.0313

Sheet Tencent
A1: Date | B1: Price | C1: Open | D1: High | E1: Low | F1: Vol. | G1: Change %
A2: 46266 | B2: 419 | C2: 446.4 | D2: 447.6 | E2: 419 | F2: 250.33M | G2: -0.0751
A3: 46235 | B3: 453 | C3: 482 | D3: 497.8 | E3: 436 | F3: 508.00M | G3: -0.0467
A4: 46204 | B4: 475.2 | C4: 442.6 | D4: 494.8 | E4: 425.4 | F4: 760.71M | G4: 0.1056
A5: 46174 | B5: 429.8 | C5: 432.4 | D5: 484.8 | E5: 411 | F5: 739.47M | G5: 0.0061
A6: 46143 | B6: 427.2 | C6: 469.8 | D6: 481 | E6: 420.4 | F6: 593.69M | G6: -0.0868
A7: 46113 | B7: 467.8 | C7: 504 | D7: 526.5 | E7: 463.2 | F7: 438.47M | G7: -0.0335
A8: 46082 | B8: 484 | C8: 511.5 | D8: 578 | E8: 476 | F8: 671.00M | G8: -0.0656
A9: 46054 | B9: 518 | C9: 598 | D9: 604.5 | E9: 510.5 | F9: 581.64M | G9: -0.1452
A10: 46023 | B10: 606 | C10: 600.5 | D10: 639 | E10: 594 | F10: 456.73M | G10: 0.0117
A11: 45992 | B11: 599 | C11: 613.5 | D11: 626 | E11: 592 | F11: 294.62M | G11: -0.0204
A12: 45962 | B12: 611.5 | C12: 630.5 | D12: 662 | E12: 606 | F12: 309.50M | G12: -0.0278
A13: 45931 | B13: 629 | C13: 667.5 | D13: 683 | E13: 602.5 | F13: 331.34M | G13: -0.0513
... A16: 45839 | B16: 550 | C16: 508 | D16: 560 | E16: 493 | F16: 410.63M | G16: 0.0934
A17: 06/01/2025 | B17: 503 | C17: 493 | D17: 521 | E17: 489.6 | F17: 340.07M | G17: 0.0096
A18: 05/01/2025 | B18: 498.2 | C18: 478.2 | D18: 532 | E18: 477.4 | F18: 414.12M | G18: 0.044
A19: 04/01/2025 | B19: 477.2 | C19: 501 | D19: 511.5 | E19: 419 | F19: 668.93M | G19: -0.0398
A20: 03/01/2025 | B20: 497 | C20: 483.6 | D20: 547 | E20: 473.2 | F20: 692.89M | G20: 0.0384
A21: 02/01/2025 | B21: 478.6 | C21: 400 | D21: 522 | E21: 394.2 | F21: 968.13M | G21: 0.1929
A22: 01/01/2025 | B22: 401.2 | C22: 417 | D22: 425 | E22: 364.8 | F22: 695.70M | G22: -0.0379
A23: 12/01/2024 | B23: 417 | C23: 398 | D23: 431 | E23: 394.4 | F23: 384.24M | G23: 0.0477
A24: 11/01/2024 | B24: 398 | C24: 406 | D24: 436 | E24: 392 | F24: 419.60M | G24: -0.0163
A25: 10/01/2024 | B25: 404.6 | C25: 450 | D25: 482.4 | E25: 404.6 | F25: 544.22M | G25: -0.09
A26: 09/01/2024 | B26: 444.6 | C26: 380 | D26: 457.4 | E26: 365 | F26: 468.96M | G26: 0.1639
A27: 08/01/2024 | B27: 382 | C27: 363.8 | D27: 385.6 | E27: 349 | F27: 358.97M | G27: 0.0547
A28: 07/01/2024 | B28: 362.2 | C28: 367 | D28: 397.2 | E28: 351 | F28: 383.31M | G28: -0.0274
... A173: 06/01/2012 | B173: 43.86 | C173: 41.42 | D173: 46.78 | E173: 39.67 | F173: 341.77M | G173: 0.0589

Sheet close
A1: Date | B1: Apple | C1: Microsoft | D1: Google | E1: Amazon | F1: Nvidia | G1: Meta | H1: Samsung | I1: Tesla | J1: Intel | K1: Tencent
A2: {=INDEX(Tencent!$A$2:$A$173,ROWS(Tencent!$A$2:$A$173)-ROW(A1)+1)} -> 06/01/2012 | B2: =VLOOKUP(A2,Apple!A:E,2,FALSE) -> 20.86 | C2: =VLOOKUP(A2,Microsoft!A:E,2,FALSE) -> 30.59 | D2: =VLOOKUP(A2,Google!A:E,2,FALSE) -> 14.52 | E2: =VLOOKUP(A2,Amazon!A:E,2,FALSE) -> 11.42 | F2: =VLOOKUP(A2,NVIDIA!A:E,2,FALSE) -> 0.35 | G2: =VLOOKUP(A2,'Meta(Facebook)'!A:E,2,FALSE) -> 31.09 | H2: =VLOOKUP(A2,'Samsung 005930'!A:E,2,FALSE) -> 24020 | I2: =VLOOKUP(A2,Tesla!A:E,2,FALSE) -> 2.09 | J2: =VLOOKUP(A2,Intel!A:E,2,FALSE) -> 26.65 | K2: =VLOOKUP(A2,Tencent!A:E,2,FALSE) -> 43.86
A3: {=INDEX(Tencent!$A$2:$A$173,ROWS(Tencent!$A$2:$A$173)-ROW(A2)+1)} -> 07/01/2012 | B3: =VLOOKUP(A3,Apple!A:E,2,FALSE) -> 21.81 | C3: =VLOOKUP(A3,Microsoft!A:E,2,FALSE) -> 29.47 | D3: =VLOOKUP(A3,Google!A:E,2,FALSE) -> 15.84 | E3: =VLOOKUP(A3,Amazon!A:E,2,FALSE) -> 11.66 | F3: =VLOOKUP(A3,NVIDIA!A:E,2,FALSE) -> 0.34 | G3: =VLOOKUP(A3,'Meta(Facebook)'!A:E,2,FALSE) -> 21.71 | H3: =VLOOKUP(A3,'Samsung 005930'!A:E,2,FALSE) -> 26180 | I3: =VLOOKUP(A3,Tesla!A:E,2,FALSE) -> 1.83 | J3: =VLOOKUP(A3,Intel!A:E,2,FALSE) -> 25.7 | K3: =VLOOKUP(A3,Tencent!A:E,2,FALSE) -> 44.99
A4: {=INDEX(Tencent!$A$2:$A$173,ROWS(Tencent!$A$2:$A$173)-ROW(A3)+1)} -> 08/01/2012 | B4: =VLOOKUP(A4,Apple!A:E,2,FALSE) -> 23.76 | C4: =VLOOKUP(A4,Microsoft!A:E,2,FALSE) -> 30.82 | D4: =VLOOKUP(A4,Google!A:E,2,FALSE) -> 17.14 | E4: =VLOOKUP(A4,Amazon!A:E,2,FALSE) -> 12.41 | F4: =VLOOKUP(A4,NVIDIA!A:E,2,FALSE) -> 0.35 | G4: =VLOOKUP(A4,'Meta(Facebook)'!A:E,2,FALSE) -> 18.06 | H4: =VLOOKUP(A4,'Samsung 005930'!A:E,2,FALSE) -> 24660 | I4: =VLOOKUP(A4,Tesla!A:E,2,FALSE) -> 1.9 | J4: =VLOOKUP(A4,Intel!A:E,2,FALSE) -> 24.83 | K4: =VLOOKUP(A4,Tencent!A:E,2,FALSE) -> 46
A5: {=INDEX(Tencent!$A$2:$A$173,ROWS(Tencent!$A$2:$A$173)-ROW(A4)+1)} -> 09/01/2012 | B5: =VLOOKUP(A5,Apple!A:E,2,FALSE) -> 23.83 | C5: =VLOOKUP(A5,Microsoft!A:E,2,FALSE) -> 29.76 | D5: =VLOOKUP(A5,Google!A:E,2,FALSE) -> 18.88 | E5: =VLOOKUP(A5,Amazon!A:E,2,FALSE) -> 12.72 | F5: =VLOOKUP(A5,NVIDIA!A:E,2,FALSE) -> 0.33 | G5: =VLOOKUP(A5,'Meta(Facebook)'!A:E,2,FALSE) -> 21.66 | H5: =VLOOKUP(A5,'Samsung 005930'!A:E,2,FALSE) -> 26920 | I5: =VLOOKUP(A5,Tesla!A:E,2,FALSE) -> 1.95 | J5: =VLOOKUP(A5,Intel!A:E,2,FALSE) -> 22.66 | K5: =VLOOKUP(A5,Tencent!A:E,2,FALSE) -> 51.28
A6: {=INDEX(Tencent!$A$2:$A$173,ROWS(Tencent!$A$2:$A$173)-ROW(A5)+1)} -> 10/01/2012 | B6: =VLOOKUP(A6,Apple!A:E,2,FALSE) -> 21.26 | C6: =VLOOKUP(A6,Microsoft!A:E,2,FALSE) -> 28.54 | D6: =VLOOKUP(A6,Google!A:E,2,FALSE) -> 17.02 | E6: =VLOOKUP(A6,Amazon!A:E,2,FALSE) -> 11.64 | F6: =VLOOKUP(A6,NVIDIA!A:E,2,FALSE) -> 0.3 | G6: =VLOOKUP(A6,'Meta(Facebook)'!A:E,2,FALSE) -> 21.11 | H6: =VLOOKUP(A6,'Samsung 005930'!A:E,2,FALSE) -> 26200 | I6: =VLOOKUP(A6,Tesla!A:E,2,FALSE) -> 1.88 | J6: =VLOOKUP(A6,Intel!A:E,2,FALSE) -> 21.63 | K6: =VLOOKUP(A6,Tencent!A:E,2,FALSE) -> 53.18
A7: {=INDEX(Tencent!$A$2:$A$173,ROWS(Tencent!$A$2:$A$173)-ROW(A6)+1)} -> 11/01/2012 | B7: =VLOOKUP(A7,Apple!A:E,2,FALSE) -> 20.9 | C7: =VLOOKUP(A7,Microsoft!A:E,2,FALSE) -> 26.61 | D7: =VLOOKUP(A7,Google!A:E,2,FALSE) -> 17.48 | E7: =VLOOKUP(A7,Amazon!A:E,2,FALSE) -> 12.6 | F7: =VLOOKUP(A7,NVIDIA!A:E,2,FALSE) -> 0.3 | G7: =VLOOKUP(A7,'Meta(Facebook)'!A:E,2,FALSE) -> 28 | H7: =VLOOKUP(A7,'Samsung 005930'!A:E,2,FALSE) -> 28120 | I7: =VLOOKUP(A7,Tesla!A:E,2,FALSE) -> 2.25 | J7: =VLOOKUP(A7,Intel!A:E,2,FALSE) -> 19.57 | K7: =VLOOKUP(A7,Tencent!A:E,2,FALSE) -> 49.14
A8: {=INDEX(Tencent!$A$2:$A$173,ROWS(Tencent!$A$2:$A$173)-ROW(A7)+1)} -> 12/01/2012 | B8: =VLOOKUP(A8,Apple!A:E,2,FALSE) -> 19.01 | C8: =VLOOKUP(A8,Microsoft!A:E,2,FALSE) -> 26.71 | D8: =VLOOKUP(A8,Google!A:E,2,FALSE) -> 17.7 | E8: =VLOOKUP(A8,Amazon!A:E,2,FALSE) -> 12.54 | F8: =VLOOKUP(A8,NVIDIA!A:E,2,FALSE) -> 0.31 | G8: =VLOOKUP(A8,'Meta(Facebook)'!A:E,2,FALSE) -> 26.62 | H8: =VLOOKUP(A8,'Samsung 005930'!A:E,2,FALSE) -> 30440 | I8: =VLOOKUP(A8,Tesla!A:E,2,FALSE) -> 2.26 | J8: =VLOOKUP(A8,Intel!A:E,2,FALSE) -> 20.62 | K8: =VLOOKUP(A8,Tencent!A:E,2,FALSE) -> 48.33
A9: {=INDEX(Tencent!$A$2:$A$173,ROWS(Tencent!$A$2:$A$173)-ROW(A8)+1)} -> 01/01/2013 | B9: =VLOOKUP(A9,Apple!A:E,2,FALSE) -> 16.27 | C9: =VLOOKUP(A9,Microsoft!A:E,2,FALSE) -> 27.45 | D9: =VLOOKUP(A9,Google!A:E,2,FALSE) -> 18.91 | E9: =VLOOKUP(A9,Amazon!A:E,2,FALSE) -> 13.28 | F9: =VLOOKUP(A9,NVIDIA!A:E,2,FALSE) -> 0.31 | G9: =VLOOKUP(A9,'Meta(Facebook)'!A:E,2,FALSE) -> 30.98 | H9: =VLOOKUP(A9,'Samsung 005930'!A:E,2,FALSE) -> 28960 | I9: =VLOOKUP(A9,Tesla!A:E,2,FALSE) -> 2.5 | J9: =VLOOKUP(A9,Intel!A:E,2,FALSE) -> 21.04 | K9: =VLOOKUP(A9,Tencent!A:E,2,FALSE) -> 52.68
A10: {=INDEX(Tencent!$A$2:$A$173,ROWS(Tencent!$A$2:$A$173)-ROW(A9)+1)} -> 02/01/2013 | B10: =VLOOKUP(A10,Apple!A:E,2,FALSE) -> 15.76 | C10: =VLOOKUP(A10,Microsoft!A:E,2,FALSE) -> 27.8 | D10: =VLOOKUP(A10,Google!A:E,2,FALSE) -> 20.05 | E10: =VLOOKUP(A10,Amazon!A:E,2,FALSE) -> 13.21 | F10: =VLOOKUP(A10,NVIDIA!A:E,2,FALSE) -> 0.32 | G10: =VLOOKUP(A10,'Meta(Facebook)'!A:E,2,FALSE) -> 27.25 | H10: =VLOOKUP(A10,'Samsung 005930'!A:E,2,FALSE) -> 30880 | I10: =VLOOKUP(A10,Tesla!A:E,2,FALSE) -> 2.32 | J10: =VLOOKUP(A10,Intel!A:E,2,FALSE) -> 20.88 | K10: =VLOOKUP(A10,Tencent!A:E,2,FALSE) -> 52.06
A11: {=INDEX(Tencent!$A$2:$A$173,ROWS(Tencent!$A$2:$A$173)-ROW(A10)+1)} -> 03/01/2013 | B11: =VLOOKUP(A11,Apple!A:E,2,FALSE) -> 15.81 | C11: =VLOOKUP(A11,Microsoft!A:E,2,FALSE) -> 28.61 | D11: =VLOOKUP(A11,Google!A:E,2,FALSE) -> 19.87 | E11: =VLOOKUP(A11,Amazon!A:E,2,FALSE) -> 13.32 | F11: =VLOOKUP(A11,NVIDIA!A:E,2,FALSE) -> 0.32 | G11: =VLOOKUP(A11,'Meta(Facebook)'!A:E,2,FALSE) -> 25.58 | H11: =VLOOKUP(A11,'Samsung 005930'!A:E,2,FALSE) -> 30540 | I11: =VLOOKUP(A11,Tesla!A:E,2,FALSE) -> 2.53 | J11: =VLOOKUP(A11,Intel!A:E,2,FALSE) -> 21.84 | K11: =VLOOKUP(A11,Tencent!A:E,2,FALSE) -> 47.9
A12: {=INDEX(Tencent!$A$2:$A$173,ROWS(Tencent!$A$2:$A$173)-ROW(A11)+1)} -> 04/01/2013 | B12: =VLOOKUP(A12,Apple!A:E,2,FALSE) -> 15.81 | C12: =VLOOKUP(A12,Microsoft!A:E,2,FALSE) -> 33.1 | D12: =VLOOKUP(A12,Google!A:E,2,FALSE) -> 20.63 | E12: =VLOOKUP(A12,Amazon!A:E,2,FALSE) -> 12.69 | F12: =VLOOKUP(A12,NVIDIA!A:E,2,FALSE) -> 0.34 | G12: =VLOOKUP(A12,'Meta(Facebook)'!A:E,2,FALSE) -> 27.77 | H12: =VLOOKUP(A12,'Samsung 005930'!A:E,2,FALSE) -> 30400 | I12: =VLOOKUP(A12,Tesla!A:E,2,FALSE) -> 3.6 | J12: =VLOOKUP(A12,Intel!A:E,2,FALSE) -> 23.95 | K12: =VLOOKUP(A12,Tencent!A:E,2,FALSE) -> 49.07
A13: {=INDEX(Tencent!$A$2:$A$173,ROWS(Tencent!$A$2:$A$173)-ROW(A12)+1)} -> 05/01/2013 | B13: =VLOOKUP(A13,Apple!A:E,2,FALSE) -> 16.06 | C13: =VLOOKUP(A13,Microsoft!A:E,2,FALSE) -> 34.9 | D13: =VLOOKUP(A13,Google!A:E,2,FALSE) -> 21.8 | E13: =VLOOKUP(A13,Amazon!A:E,2,FALSE) -> 13.46 | F13: =VLOOKUP(A13,NVIDIA!A:E,2,FALSE) -> 0.36 | G13: =VLOOKUP(A13,'Meta(Facebook)'!A:E,2,FALSE) -> 24.35 | H13: =VLOOKUP(A13,'Samsung 005930'!A:E,2,FALSE) -> 30760 | I13: =VLOOKUP(A13,Tesla!A:E,2,FALSE) -> 6.52 | J13: =VLOOKUP(A13,Intel!A:E,2,FALSE) -> 24.28 | K13: =VLOOKUP(A13,Tencent!A:E,2,FALSE) -> 56.74
... A173: {=INDEX(Tencent!$A$2:$A$173,ROWS(Tencent!$A$2:$A$173)-ROW(A172)+1)} -> 46266 | B173: =VLOOKUP(A173,Apple!A:E,2,FALSE) -> 336.13 | C173: =VLOOKUP(A173,Microsoft!A:E,2,FALSE) -> 493.78 | D173: =VLOOKUP(A173,Google!A:E,2,FALSE) -> 349.54 | E173: =VLOOKUP(A173,Amazon!A:E,2,FALSE) -> 253.71 | F173: =VLOOKUP(A173,NVIDIA!A:E,2,FALSE) -> 222.27 | G173: =VLOOKUP(A173,'Meta(Facebook)'!A:E,2,FALSE) -> 665.75 | H173: =VLOOKUP(A173,'Samsung 005930'!A:E,2,FALSE) -> 261000 | I173: =VLOOKUP(A173,Tesla!A:E,2,FALSE) -> 364.27 | J173: =VLOOKUP(A173,Intel!A:E,2,FALSE) -> 108.6 | K173: =VLOOKUP(A173,Tencent!A:E,2,FALSE) -> 419

Sheet C_zardal
A1: Date | B1: Apple | C1: Microsoft | D1: Google | E1: Amazon | F1: Nvidia | G1: Meta | H1: Samsung | I1: Tesla | J1: Intel | K1: Tencent
A2: {=INDEX(Tencent!$A$2:$A$173,ROWS(Tencent!$A$2:$A$173)-ROW(A1)+1)} -> 06/01/2012 | B2: =(Apple!D2-Apple!E2)/Apple!E2 -> 0.092255566 | C2: =(Microsoft!D2-Microsoft!E2)/Microsoft!E2 -> 0.06100823 | D2: =(Google!D2-Google!E2)/Google!E2 -> 0.096723012 | E2: =(Amazon!D2-Amazon!E2)/Amazon!E2 -> 0.068849775 | F2: =(NVIDIA!D2-NVIDIA!E2)/NVIDIA!E2 -> 0.12362992 | G2: =('Meta(Facebook)'!D2-'Meta(Facebook)'!E2)/'Meta(Facebook)'!E2 -> 0.24105377 | H2: =('Samsung 005930'!D2-'Samsung 005930'!E2)/'Samsung 005930'!E2 -> 0.14814815 | I2: =(Tesla!D2-Tesla!E2)/Tesla!E2 -> 0.097508002 | J2: =(Intel!D2-Intel!E2)/Intel!E2 -> 0.29923005 | K2: =(Tencent!D2-Tencent!E2)/Tencent!E2 -> 0.068257757
A3: {=INDEX(Tencent!$A$2:$A$173,ROWS(Tencent!$A$2:$A$173)-ROW(A2)+1)} -> 07/01/2012 | B3: =(Apple!D3-Apple!E3)/Apple!E3 -> 0.072528862 | C3: =(Microsoft!D3-Microsoft!E3)/Microsoft!E3 -> 0.090063158 | D3: =(Google!D3-Google!E3)/Google!E3 -> 0.1403488 | E3: =(Amazon!D3-Amazon!E3)/Amazon!E3 -> 0.12618618 | F3: =(NVIDIA!D3-NVIDIA!E3)/NVIDIA!E3 -> 0.17078994 | G3: =('Meta(Facebook)'!D3-'Meta(Facebook)'!E3)/'Meta(Facebook)'!E3 -> 0.13989242 | H3: =('Samsung 005930'!D3-'Samsung 005930'!E3)/'Samsung 005930'!E3 -> 0.26593407 | I3: =(Tesla!D3-Tesla!E3)/Tesla!E3 -> 0.18845435 | J3: =(Intel!D3-Intel!E3)/Intel!E3 -> 0.26344844 | K3: =(Tencent!D3-Tencent!E3)/Tencent!E3 -> 0.14174312
A4: {=INDEX(Tencent!$A$2:$A$173,ROWS(Tencent!$A$2:$A$173)-ROW(A3)+1)} -> 08/01/2012 | B4: =(Apple!D4-Apple!E4)/Apple!E4 -> 0.1914592 | C4: =(Microsoft!D4-Microsoft!E4)/Microsoft!E4 -> 0.25040846 | D4: =(Google!D4-Google!E4)/Google!E4 -> 0.19171165 | E4: =(Amazon!D4-Amazon!E4)/Amazon!E4 -> 0.20812699 | F4: =(NVIDIA!D4-NVIDIA!E4)/NVIDIA!E4 -> 0.12830904 | G4: =('Meta(Facebook)'!D4-'Meta(Facebook)'!E4)/'Meta(Facebook)'!E4 -> 0.30808976 | H4: =('Samsung 005930'!D4-'Samsung 005930'!E4)/'Samsung 005930'!E4 -> 0.79175476 | I4: =(Tesla!D4-Tesla!E4)/Tesla!E4 -> 0.45557872 | J4: =(Intel!D4-Intel!E4)/Intel!E4 -> 0.65961609 | K4: =(Tencent!D4-Tencent!E4)/Tencent!E4 -> 0.16314057
A5: {=INDEX(Tencent!$A$2:$A$173,ROWS(Tencent!$A$2:$A$173)-ROW(A4)+1)} -> 09/01/2012 | B5: =(Apple!D5-Apple!E5)/Apple!E5 -> 0.15945205 | C5: =(Microsoft!D5-Microsoft!E5)/Microsoft!E5 -> 0.33539519 | D5: =(Google!D5-Google!E5)/Google!E5 -> 0.14645669 | E5: =(Amazon!D5-Amazon!E5)/Amazon!E5 -> 0.18213256 | F5: =(NVIDIA!D5-NVIDIA!E5)/NVIDIA!E5 -> 0.22381454 | G5: =('Meta(Facebook)'!D5-'Meta(Facebook)'!E5)/'Meta(Facebook)'!E5 -> 0.18923322 | H5: =('Samsung 005930'!D5-'Samsung 005930'!E5)/'Samsung 005930'!E5 -> 0.3026087 | I5: =(Tesla!D5-Tesla!E5)/Tesla!E5 -> 0.17634292 | J5: =(Intel!D5-Intel!E5)/Intel!E5 -> 0.44767619 | K5: =(Tencent!D5-Tencent!E5)/Tencent!E5 -> 0.17956204
A6: {=INDEX(Tencent!$A$2:$A$173,ROWS(Tencent!$A$2:$A$173)-ROW(A5)+1)} -> 10/01/2012 | B6: =(Apple!D6-Apple!E6)/Apple!E6 -> 0.14603798 | C6: =(Microsoft!D6-Microsoft!E6)/Microsoft!E6 -> 0.12335362 | D6: =(Google!D6-Google!E6)/Google!E6 -> 0.079664958 | E6: =(Amazon!D6-Amazon!E6)/Amazon!E6 -> 0.091578824 | F6: =(NVIDIA!D6-NVIDIA!E6)/NVIDIA!E6 -> 0.21464517 | G6: =('Meta(Facebook)'!D6-'Meta(Facebook)'!E6)/'Meta(Facebook)'!E6 -> 0.085048937 | H6: =('Samsung 005930'!D6-'Samsung 005930'!E6)/'Samsung 005930'!E6 -> 0.44196429 | I6: =(Tesla!D6-Tesla!E6)/Tesla!E6 -> 0.1969377 | J6: =(Intel!D6-Intel!E6)/Intel!E6 -> 0.43343052 | K6: =(Tencent!D6-Tencent!E6)/Tencent!E6 -> 0.14414843
A7: {=INDEX(Tencent!$A$2:$A$173,ROWS(Tencent!$A$2:$A$173)-ROW(A6)+1)} -> 11/01/2012 | B7: =(Apple!D7-Apple!E7)/Apple!E7 -> 0.12332112 | C7: =(Microsoft!D7-Microsoft!E7)/Microsoft!E7 -> 0.19099272 | D7: =(Google!D7-Google!E7)/Google!E7 -> 0.33301088 | E7: =(Amazon!D7-Amazon!E7)/Amazon!E7 -> 0.33665203 | F7: =(NVIDIA!D7-NVIDIA!E7)/NVIDIA!E7 -> 0.26521562 | G7: =('Meta(Facebook)'!D7-'Meta(Facebook)'!E7)/'Meta(Facebook)'!E7 -> 0.23551903 | H7: =('Samsung 005930'!D7-'Samsung 005930'!E7)/'Samsung 005930'!E7 -> 0.31428571 | I7: =(Tesla!D7-Tesla!E7)/Tesla!E7 -> 0.21361642 | J7: =(Intel!D7-Intel!E7)/Intel!E7 -> 1.12739 | K7: =(Tencent!D7-Tencent!E7)/Tencent!E7 -> 0.13665803
A8: {=INDEX(Tencent!$A$2:$A$173,ROWS(Tencent!$A$2:$A$173)-ROW(A7)+1)} -> 12/01/2012 | B8: =(Apple!D8-Apple!E8)/Apple!E8 -> 0.085617694 | C8: =(Microsoft!D8-Microsoft!E8)/Microsoft!E8 -> 0.15934097 | D8: =(Google!D8-Google!E8)/Google!E8 -> 0.14832237 | E8: =(Amazon!D8-Amazon!E8)/Amazon!E8 -> 0.10711058 | F8: =(NVIDIA!D8-NVIDIA!E8)/NVIDIA!E8 -> 0.14981433 | G8: =('Meta(Facebook)'!D8-'Meta(Facebook)'!E8)/'Meta(Facebook)'!E8 -> 0.29314189 | H8: =('Samsung 005930'!D8-'Samsung 005930'!E8)/'Samsung 005930'!E8 -> 0.27245509 | I8: =(Tesla!D8-Tesla!E8)/Tesla!E8 -> 0.18242744 | J8: =(Intel!D8-Intel!E8)/Intel!E8 -> 0.21018952 | K8: =(Tencent!D8-Tencent!E8)/Tencent!E8 -> 0.21428571
A9: {=INDEX(Tencent!$A$2:$A$173,ROWS(Tencent!$A$2:$A$173)-ROW(A8)+1)} -> 01/01/2013 | B9: =(Apple!D9-Apple!E9)/Apple!E9 -> 0.099628107 | C9: =(Microsoft!D9-Microsoft!E9)/Microsoft!E9 -> 0.1284483 | D9: =(Google!D9-Google!E9)/Google!E9 -> 0.17805907 | E9: =(Amazon!D9-Amazon!E9)/Amazon!E9 -> 0.25688776 | F9: =(NVIDIA!D9-NVIDIA!E9)/NVIDIA!E9 -> 0.15552827 | G9: =('Meta(Facebook)'!D9-'Meta(Facebook)'!E9)/'Meta(Facebook)'!E9 -> 0.14829261 | H9: =('Samsung 005930'!D9-'Samsung 005930'!E9)/'Samsung 005930'!E9 -> 0.48271277 | I9: =(Tesla!D9-Tesla!E9)/Tesla!E9 -> 0.12597734 | J9: =(Intel!D9-Intel!E9)/Intel!E9 -> 0.20079291 | K9: =(Tencent!D9-Tencent!E9)/Tencent!E9 -> 0.1841332
A10: {=INDEX(Tencent!$A$2:$A$173,ROWS(Tencent!$A$2:$A$173)-ROW(A9)+1)} -> 02/01/2013 | B10: =(Apple!D10-Apple!E10)/Apple!E10 -> 0.14140169 | C10: =(Microsoft!D10-Microsoft!E10)/Microsoft!E10 -> 0.16312764 | D10: =(Google!D10-Google!E10)/Google!E10 -> 0.10298714 | E10: =(Amazon!D10-Amazon!E10)/Amazon!E10 -> 0.10787717 | F10: =(NVIDIA!D10-NVIDIA!E10)/NVIDIA!E10 -> 0.095039694 | G10: =('Meta(Facebook)'!D10-'Meta(Facebook)'!E10)/'Meta(Facebook)'!E10 -> 0.24 | H10: =('Samsung 005930'!D10-'Samsung 005930'!E10)/'Samsung 005930'!E10 -> 0.38602329 | I10: =(Tesla!D10-Tesla!E10)/Tesla!E10 -> 0.10544595 | J10: =(Intel!D10-Intel!E10)/Intel!E10 -> 0.44597458 | K10: =(Tencent!D10-Tencent!E10)/Tencent!E10 -> 0.075757576
A11: {=INDEX(Tencent!$A$2:$A$173,ROWS(Tencent!$A$2:$A$173)-ROW(A10)+1)} -> 03/01/2013 | B11: =(Apple!D11-Apple!E11)/Apple!E11 -> 0.08117625 | C11: =(Microsoft!D11-Microsoft!E11)/Microsoft!E11 -> 0.048037717 | D11: =(Google!D11-Google!E11)/Google!E11 -> 0.091314332 | E11: =(Amazon!D11-Amazon!E11)/Amazon!E11 -> 0.081361148 | F11: =(NVIDIA!D11-NVIDIA!E11)/NVIDIA!E11 -> 0.13140743 | G11: =('Meta(Facebook)'!D11-'Meta(Facebook)'!E11)/'Meta(Facebook)'!E11 -> 0.11520665 | H11: =('Samsung 005930'!D11-'Samsung 005930'!E11)/'Samsung 005930'!E11 -> 0.21321321 | I11: =(Tesla!D11-Tesla!E11)/Tesla!E11 -> 0.18172558 | J11: =(Intel!D11-Intel!E11)/Intel!E11 -> 0.25951359 | K11: =(Tencent!D11-Tencent!E11)/Tencent!E11 -> 0.057432432
A12: {=INDEX(Tencent!$A$2:$A$173,ROWS(Tencent!$A$2:$A$173)-ROW(A11)+1)} -> 04/01/2013 | B12: =(Apple!D12-Apple!E12)/Apple!E12 -> 0.056761646 | C12: =(Microsoft!D12-Microsoft!E12)/Microsoft!E12 -> 0.12921336 | D12: =(Google!D12-Google!E12)/Google!E12 -> 0.21473956 | E12: =(Amazon!D12-Amazon!E12)/Amazon!E12 -> 0.20178455 | F12: =(NVIDIA!D12-NVIDIA!E12)/NVIDIA!E12 -> 0.24647597 | G12: =('Meta(Facebook)'!D12-'Meta(Facebook)'!E12)/'Meta(Facebook)'!E12 -> 0.13433118 | H12: =('Samsung 005930'!D12-'Samsung 005930'!E12)/'Samsung 005930'!E12 -> 0.18941799 | I12: =(Tesla!D12-Tesla!E12)/Tesla!E12 -> 0.23849208 | J12: =(Intel!D12-Intel!E12)/Intel!E12 -> 0.23411371 | K12: =(Tencent!D12-Tencent!E12)/Tencent!E12 -> 0.092409241
A13: {=INDEX(Tencent!$A$2:$A$173,ROWS(Tencent!$A$2:$A$173)-ROW(A12)+1)} -> 05/01/2013 | B13: =(Apple!D13-Apple!E13)/Apple!E13 -> 0.13655738 | C13: =(Microsoft!D13-Microsoft!E13)/Microsoft!E13 -> 0.0943083 | D13: =(Google!D13-Google!E13)/Google!E13 -> 0.23638908 | E13: =(Amazon!D13-Amazon!E13)/Amazon!E13 -> 0.18703502 | F13: =(NVIDIA!D13-NVIDIA!E13)/NVIDIA!E13 -> 0.20044128 | G13: =('Meta(Facebook)'!D13-'Meta(Facebook)'!E13)/'Meta(Facebook)'!E13 -> 0.17595303 | H13: =('Samsung 005930'!D13-'Samsung 005930'!E13)/'Samsung 005930'!E13 -> 0.28217237 | I13: =(Tesla!D13-Tesla!E13)/Tesla!E13 -> 0.14412444 | J13: =(Intel!D13-Intel!E13)/Intel!E13 -> 0.2680597 | K13: =(Tencent!D13-Tencent!E13)/Tencent!E13 -> 0.13360996
... A173: {=INDEX(Tencent!$A$2:$A$173,ROWS(Tencent!$A$2:$A$173)-ROW(A172)+1)} -> 46266 | B173: =(Apple!D173-Apple!E173)/Apple!E173 -> 0.075548749 | C173: =(Microsoft!D173-Microsoft!E173)/Microsoft!E173 -> 0.099576271 | D173: =(Google!D173-Google!E173)/Google!E173 -> 0.055994257 | E173: =(Amazon!D173-Amazon!E173)/Amazon!E173 -> 0.10658915 | F173: =(NVIDIA!D173-NVIDIA!E173)/NVIDIA!E173 -> 0.20689655 | G173: =('Meta(Facebook)'!D173-'Meta(Facebook)'!E173)/'Meta(Facebook)'!E173 -> 0.31073668 | H173: =('Samsung 005930'!D173-'Samsung 005930'!E173)/'Samsung 005930'!E173 -> 0.13031915 | I173: =(Tesla!D173-Tesla!E173)/Tesla!E173 -> 0.27071823 | J173: =(Intel!D173-Intel!E173)/Intel!E173 -> 0.11714976 | K173: =(Tencent!D173-Tencent!E173)/Tencent!E173 -> 0.17922864
