Workbook

Sheet Y
A1: Date | B1: Apple | C1: Microsoft | D1: Google | E1: Amazon | F1: Nvidia | G1: Meta | H1: AMD | I1: Tesla | J1: Intel | K1: Broadcom
A2: 41061 | B2: 0.010852763 | C2: 0.047961288 | D2: -0.0013601381 | E2: 0.072518843 | F2: 0.11182541 | G2: 0.050675726 | H2: -0.057565775 | I2: 0.060677739 | J2: 0.031346415 | K2: 0.089392722
A3: 41091 | B3: 0.045821855 | C3: -0.036613007 | D3: 0.091195868 | E3: 0.021677287 | F3: -0.020260001 | G3: -0.30192925 | H3: -0.29144853 | I3: -0.1236817 | J3: -0.035647109 | K3: 0.027855198
A4: 41122 | B4: 0.093876713 | C4: 0.052737379 | D4: 0.082342064 | E4: 0.064166299 | F4: 0.036188921 | G4: -0.16812531 | H4: -0.083743822 | I4: 0.040116536 | J4: -0.025388515 | K4: -0.0089431566
A5: 41153 | B5: 0.0027958525 | C5: -0.034393213 | D5: 0.101315 | E5: 0.024368613 | F5: -0.049180357 | G5: 0.19933554 | H5: -0.094086059 | I5: 0.026648172 | J5: -0.087394374 | K5: -0.042142502
A6: 41183 | B6: -0.10760002 | C6: -0.040994667 | D6: -0.098343254 | E6: -0.084263908 | F6: -0.10194909 | G6: -0.025392447 | H6: -0.39169139 | I6: -0.039276163 | J6: -0.045454875 | K6: -0.052766941
A7: 41214 | B7: -0.012374129 | C7: -0.059609363 | D7: 0.026561877 | E7: 0.082270617 | F7: 0.0056116746 | G7: 0.32638564 | H7: 0.07317078 | I7: 0.2022756 | J7: -0.085914924 | K7: 0.062670198
A8: 41244 | B8: -0.09074301 | C8: 0.0033805481 | D8: 0.012901493 | E8: -0.004681612 | F8: 0.024227246 | G8: -0.049285675 | H8: 0.090909111 | I8: 0.001478202 | J8: 0.053653758 | K8: -0.09383477
A9: 41275 | B9: -0.14408948 | C9: 0.027705252 | D9: 0.06829437 | E9: 0.058317031 | F9: 0 | G9: 0.16378649 | H9: 0.083333251 | I9: 0.10746998 | J9: 0.020368907 | K9: 0.13017384
A10: 41306 | B10: -0.025285429 | C10: 0.021135409 | D10: 0.060223157 | E10: -0.004632738 | F10: 0.038961736 | G10: -0.12040015 | H10: -0.042307654 | I10: -0.071447762 | J10: 0.0030607132 | K10: -0.043332276
A11: 41334 | B11: 0.0028539078 | C11: 0.029136548 | D11: -0.0087494224 | E11: 0.0084005041 | F11: 0.013427797 | G11: -0.061284424 | H11: 0.024096362 | I11: 0.087855295 | J11: 0.045977237 | K11: 0.055258906
A12: 41365 | B12: 0.00027151061 | C12: 0.15693825 | D12: 0.038252791 | E12: -0.047581509 | F12: 0.073265616 | G12: 0.08561383 | H12: 0.10588235 | I12: 0.4249141 | J12: 0.096611622 | K12: -0.11024503
A13: 41395 | B13: 0.022418915 | C13: 0.061774173 | D13: 0.056574692 | E13: 0.06063589 | F13: 0.056173222 | G13: -0.12315458 | H13: 0.41843975 | I13: 0.81070575 | J13: 0.023328927 | K13: 0.18053798
... A173: 46266 | B173: 0.051033557 | C173: 0.011058794 | D173: 0.014590093 | E173: -0.040882302 | F173: 0.035580901 | G173: 0.26804399 | H173: 0.29962612 | I173: -0.035711412 | J173: 0.34320188 | K173: -0.049982404

Sheet OOS_Returns
A1: Date | B1: Sample | C1: Var | D1: Diag | E1: Corr | F1: SF | G1: NLS
A2: 44713 | B2: -0.10136565 | C2: -0.10361462 | D2: -0.10087793 | E2: -0.087810811 | F2: -0.10000164 | G2: -0.10247199 | I2: 120 сарын өгөгдлөөр ковариацын матрицыг тооцоолж, GMVP жинг тооцоолж
A3: 44743 | B3: 0.053468769 | C3: 0.059668545 | D3: 0.056000524 | E3: 0.078699131 | F3: 0.058023613 | G3: 0.056155617 | I3: тэр жингээр бодит сарын 10 хөрөнгийн утгыг харгалзуулан үржүүлээд нэмэхэд гарах утга шар өнгөтэй
A4: 44774 | B4: -0.069872753 | C4: -0.06748854 | D4: -0.069240252 | E4: -0.074542455 | F4: -0.072071418 | G4: -0.068274732
A5: 44805 | B5: -0.13740275 | C5: -0.13703769 | D5: -0.13674796 | E5: -0.13016929 | F5: -0.13620742 | G5: -0.13751419 | I5: гэх мэт 6 матриц бүр дээр нэг нэг утга гарна, түүнийг мөрд хадгалсан.
A6: 44835 | B6: 0.0020711632 | C6: 0.004264576 | D6: 0.0041826558 | E6: 0.024811226 | F6: 0.012960835 | G6: 0.0043569061 | I6: =Weights_Sample!B2*Y!B122 -> -0.0033241523 | J6: =Weights_Sample!C2*Y!C122 -> -0.014561209 | K6: =Weights_Sample!D2*Y!D122 -> -0.0098092946 | L6: =Weights_Sample!E2*Y!E122 -> 0 | M6: =Weights_Sample!F2*Y!F122 -> 0 | N6: =Weights_Sample!G2*Y!G122 -> -0.013941213 | O6: =Weights_Sample!H2*Y!H122 -> 0 | P6: =Weights_Sample!I2*Y!I122 -> 0 | ... R6: =Weights_Sample!K2*Y!K122 -> -0.018067686
A7: 44866 | B7: 0.10205649 | C7: 0.10048129 | D7: 0.10036698 | E7: 0.079828511 | F7: 0.099305514 | G7: 0.10112528 | I7: =Weights_Var!B2*Y!B122 -> -0.0057956266 | J7: =Weights_Var!C2*Y!C122 -> -0.012940337 | K7: =Weights_Var!D2*Y!D122 -> -0.0089520355 | L7: =Weights_Var!E2*Y!E122 -> -0.0022952531 | M7: =Weights_Var!F2*Y!F122 -> 0 | N7: =Weights_Var!G2*Y!G122 -> -0.014890355 | O7: =Weights_Var!H2*Y!H122 -> 0 | P7: =Weights_Var!I2*Y!I122 -> 0 | ... R7: =Weights_Var!K2*Y!K122 -> -0.019795966
A8: 44896 | B8: -0.083315776 | C8: -0.081384205 | D8: -0.082508592 | E8: -0.090531717 | F8: -0.082885201 | G8: -0.081858772 | I8: =SUM(I6:R6) -> -0.10136565 | J8: =SUM(I7:R7) -> -0.10361462
A9: 44927 | B9: 0.081401415 | C9: 0.086308572 | D9: 0.082339067 | E9: 0.073939326 | F9: 0.079561767 | G9: 0.084444987
A10: 44958 | B10: -0.025089336 | C10: -0.022604502 | D10: -0.024658077 | E10: -0.037942514 | F10: -0.027838192 | G10: -0.02307384
A11: 44986 | B11: 0.17917834 | C11: 0.17872087 | D11: 0.17859464 | E11: 0.17310698 | F11: 0.18163309 | G11: 0.17998322
A12: 45017 | B12: 0.029911669 | C12: 0.027412065 | D12: 0.029155246 | E12: 0.026730581 | F12: 0.027908155 | G12: 0.028457179
A13: 45047 | B13: 0.11415641 | C13: 0.11301803 | D13: 0.11310047 | E13: 0.1074361 | F13: 0.1085188 | G13: 0.11205467
A14: 45078 | B14: 0.041947882 | C14: 0.043794174 | D14: 0.042254249 | E14: 0.035823381 | F14: 0.0411236 | G14: 0.043903309
A15: 45108 | B15: 0.038507885 | C15: 0.043449071 | D15: 0.039980449 | E15: 0.036501273 | F15: 0.040298929 | G15: 0.042217754
A16: 45139 | B16: -0.0083867235 | C16: -0.0093188051 | D16: -0.0088412705 | E16: -0.0070417626 | F16: -0.009399117 | G16: -0.0097446193
A17: 45170 | B17: -0.038981928 | C17: -0.039129225 | D17: -0.039027322 | E17: -0.041003365 | F17: -0.036715046 | G17: -0.038129196
A18: 45200 | B18: 0.025214443 | C18: 0.019398619 | D18: 0.023228678 | E18: 0.022783909 | F18: 0.023971743 | G18: 0.021321076
A19: 45231 | B19: 0.12340611 | C19: 0.12355251 | D19: 0.12330649 | E19: 0.12139215 | F19: 0.1248159 | G19: 0.12361017
A20: 45261 | B20: 0.061155771 | C20: 0.065763065 | D20: 0.061888387 | E20: 0.050243048 | F20: 0.061407623 | G20: 0.065058041
... A53: 46266 | B53: 0.039891821 | C53: 0.055985887 | D53: 0.04449173 | E53: 0.026265219 | F53: 0.032391741 | G53: 0.045750225

Sheet Shrinkage_Alpha
A1: Date | B1: Var | C1: Diag | D1: Corr | E1: SF
A2: 44713 | B2: 0.092608081 | C2: 0.10776253 | D2: 0.92845401 | E2: 0.54364512
A3: 44743 | B3: 0.088084711 | C3: 0.098822427 | D3: 0.91633707 | E3: 0.53072083
A4: 44774 | B4: 0.085318958 | C4: 0.094552396 | D4: 0.78094546 | E4: 0.53956635
A5: 44805 | B5: 0.083055619 | C5: 0.090492842 | D5: 0.7358849 | E5: 0.52138443
A6: 44835 | B6: 0.079700726 | C6: 0.084320387 | D6: 0.72114287 | E6: 0.5538231
A7: 44866 | B7: 0.083287088 | C7: 0.089434954 | D7: 0.75745461 | E7: 0.5018759
A8: 44896 | B8: 0.084172255 | C8: 0.091778212 | D8: 0.75471217 | E8: 0.58203118
A9: 44927 | B9: 0.079889931 | C9: 0.0863631 | D9: 0.75929799 | E9: 0.57277526
A10: 44958 | B10: 0.07555894 | C10: 0.081064594 | D10: 0.77459962 | E10: 0.54013666
A11: 44986 | B11: 0.076022468 | C11: 0.08216157 | D11: 0.78023171 | E11: 0.52355863
A12: 45017 | B12: 0.075311254 | C12: 0.080118398 | D12: 0.70481114 | E12: 0.53475299
A13: 45047 | B13: 0.075830967 | C13: 0.079583505 | D13: 0.67102922 | E13: 0.50593145
... A53: 46266 | B53: 0.12866025 | C53: 0.11108499 | D53: 0.48662992 | E53: 0.65449522

Sheet Weights_Sample
A1: Date | B1: Apple | C1: Microsoft | D1: Google | E1: Amazon | F1: Nvidia | G1: Meta | H1: AMD | I1: Tesla | J1: Intel | K1: Broadcom
A2: 44713 | B2: 0.040822405 | C2: 0.26321496 | D2: 0.23253261 | E2: 0 | F2: 0 | G2: 0.083345883 | H2: 0 | I2: 0 | J2: 0.26399896 | K2: 0.11608519
A3: 44743 | B3: 0.043036183 | C3: 0.27804078 | D3: 0.2478725 | E3: 0 | F3: 0 | G3: 0.074456578 | H3: 0 | I3: 0 | J3: 0.24866694 | K3: 0.10792702
A4: 44774 | B4: 0.028292183 | C4: 0.29054779 | D4: 0.22860934 | E4: 0 | F4: 0 | G4: 0.091516477 | H4: 0 | I4: 0 | J4: 0.25807265 | K4: 0.10296157
A5: 44805 | B5: 0.031625337 | C5: 0.29290812 | D5: 0.22170252 | E5: 0 | F5: 0 | G5: 0.10000264 | H5: 0 | I5: 0 | J5: 0.25275066 | K5: 0.10101073
A6: 44835 | B6: 0.031737532 | C6: 0.3105335 | D6: 0.22518653 | E6: 0 | F6: 0 | G6: 0.0895521 | H6: 0 | I6: 0 | J6: 0.22963573 | K6: 0.11335461
A7: 44866 | B7: 0.045007495 | C7: 0.29273144 | D7: 0.24157037 | E7: 0 | F7: 0 | G7: 0.078969627 | H7: 0 | I7: 0 | J7: 0.22866193 | K7: 0.11305913
A8: 44896 | B8: 0.072241085 | C8: 0.27730906 | D8: 0.25874101 | E8: 0 | F8: 0 | G8: 0.056977278 | H8: 0 | I8: 0 | J8: 0.2355823 | K8: 0.099149271
A9: 44927 | B9: 0.060510647 | C9: 0.30213394 | D9: 0.23054103 | E9: 0 | F9: 0 | G9: 0.068456084 | H9: 0 | I9: 0 | J9: 0.21681053 | K9: 0.12154776
A10: 44958 | B10: 0.043054934 | C10: 0.32388569 | D10: 0.22332814 | E10: 0 | F10: 0 | G10: 0.064150886 | H10: 0 | I10: 0 | J10: 0.21013135 | K10: 0.135449
A11: 44986 | B11: 0.044367684 | C11: 0.33649389 | D11: 0.20387693 | E11: 0 | F11: 0 | G11: 0.074687709 | H11: 0 | I11: 0 | J11: 0.20159428 | K11: 0.1389795
A12: 45017 | B12: 0.056412574 | C12: 0.35868403 | D12: 0.21077637 | E12: 0 | F12: 0 | G12: 0.061325344 | H12: 0 | I12: 0 | J12: 0.13648552 | K12: 0.17631616
A13: 45047 | B13: 0.049871571 | C13: 0.37822071 | D13: 0.20109793 | E13: 0 | F13: 0 | G13: 0.064283366 | H13: 0 | I13: 0 | J13: 0.14432535 | K13: 0.16220107
... A53: 46266 | B53: 0.20617649 | C53: 0.49255005 | D53: 0.23382788 | E53: 0 | F53: 0 | G53: 0.035074564 | H53: 0 | I53: 0 | J53: 0.032371019 | K53: 0

Sheet Weights_Var
A1: Date | B1: Apple | C1: Microsoft | D1: Google | E1: Amazon | F1: Nvidia | G1: Meta | H1: AMD | I1: Tesla | J1: Intel | K1: Broadcom
A2: 44713 | B2: 0.07117346 | C2: 0.23391534 | D2: 0.212211 | E2: 0.019708644 | F2: 0 | G2: 0.089020214 | H2: 0 | I2: 0 | J2: 0.24678193 | K2: 0.12718942
A3: 44743 | B3: 0.074400053 | C3: 0.24724191 | D3: 0.22838327 | E3: 0.011098428 | F3: 0 | G3: 0.082357605 | H3: 0 | I3: 0 | J3: 0.23669176 | K3: 0.11982698
A4: 44774 | B4: 0.063773457 | C4: 0.25604971 | D4: 0.22129206 | E4: 0 | F4: 0 | G4: 0.097632041 | H4: 0 | I4: 0 | J4: 0.24560697 | K4: 0.11564576
A5: 44805 | B5: 0.065856057 | C5: 0.25698022 | D5: 0.21725023 | E5: 0 | F5: 0 | G5: 0.10449335 | H5: 0 | I5: 0 | J5: 0.24177174 | K5: 0.1136484
A6: 44835 | B6: 0.066513637 | C6: 0.26796115 | D6: 0.22181612 | E6: 0 | F6: 0 | G6: 0.095712466 | H6: 0 | I6: 0 | J6: 0.22600809 | K6: 0.12198853
A7: 44866 | B7: 0.076767402 | C7: 0.25799643 | D7: 0.23059206 | E7: 0 | F7: 0 | G7: 0.088258605 | H7: 0 | I7: 0 | J7: 0.22379198 | K7: 0.12259352
A8: 44896 | B8: 0.093557859 | C8: 0.24739641 | D8: 0.23358099 | E8: 0.015141559 | F8: 0 | G8: 0.070039625 | H8: 0 | I8: 0 | J8: 0.22758464 | K8: 0.11269891
A9: 44927 | B9: 0.087464336 | C9: 0.26098806 | D9: 0.22032836 | E9: 0.0071273136 | F9: 0 | G9: 0.079698146 | H9: 0 | I9: 0 | J9: 0.21463428 | K9: 0.1297595
A10: 44958 | B10: 0.076509708 | C10: 0.27706092 | D10: 0.21998543 | E10: 0 | F10: 0 | G10: 0.074985805 | H10: 0 | I10: 0 | J10: 0.21133123 | K10: 0.1401269
A11: 44986 | B11: 0.078361896 | C11: 0.28233209 | D11: 0.20745277 | E11: 0 | F11: 0 | G11: 0.083822377 | H11: 0 | I11: 0 | J11: 0.20529696 | K11: 0.14273391
A12: 45017 | B12: 0.088981058 | C12: 0.29387318 | D12: 0.21180676 | E12: 0.0041976994 | F12: 0 | G12: 0.073164053 | H12: 0 | I12: 0 | J12: 0.15717478 | K12: 0.17080248
A13: 45047 | B13: 0.086268445 | C13: 0.3050096 | D13: 0.2096872 | E13: 0 | F13: 0 | G13: 0.075268353 | H13: 0 | I13: 0 | J13: 0.16247814 | K13: 0.16128826
... A53: 46266 | B53: 0.22891743 | C53: 0.35278903 | D53: 0.21643936 | E53: 0.0068774147 | F53: 0 | G53: 0.091045175 | H53: 0 | I53: 0 | J53: 0.04658357 | K53: 0.057348017

Sheet Weights_Diag
A1: Date | B1: Apple | C1: Microsoft | D1: Google | E1: Amazon | F1: Nvidia | G1: Meta | H1: AMD | I1: Tesla | J1: Intel | K1: Broadcom
A2: 44713 | B2: 0.056373458 | C2: 0.26020935 | D2: 0.22892498 | E2: 0 | F2: 0 | G2: 0.081293482 | H2: 0 | I2: 0 | J2: 0.2545004 | K2: 0.11869834
A3: 44743 | B3: 0.057487336 | C3: 0.27376835 | D3: 0.24303361 | E3: 0 | F3: 0 | G3: 0.073693461 | H3: 0 | I3: 0 | J3: 0.24116197 | K3: 0.11085527
A4: 44774 | B4: 0.044144436 | C4: 0.28185852 | D4: 0.2287298 | E4: 0 | F4: 0 | G4: 0.088566027 | H4: 0 | I4: 0 | J4: 0.25052125 | K4: 0.10617998
A5: 44805 | B5: 0.047027356 | C5: 0.28318906 | D5: 0.22386144 | E5: 0 | F5: 0 | G5: 0.096001643 | H5: 0 | I5: 0 | J5: 0.24559214 | K5: 0.10432836
A6: 44835 | B6: 0.047031621 | C6: 0.29778582 | D6: 0.22756096 | E6: 0 | F6: 0 | G6: 0.087202471 | H6: 0 | I6: 0 | J6: 0.22596619 | K6: 0.11445294
A7: 44866 | B7: 0.058407398 | C7: 0.28435558 | D7: 0.24100381 | E7: 0 | F7: 0 | G7: 0.077925266 | H7: 0 | I7: 0 | J7: 0.22351769 | K7: 0.11479026
A8: 44896 | B8: 0.080806897 | C8: 0.27455311 | D8: 0.25287194 | E8: 0 | F8: 0 | G8: 0.059708141 | H8: 0 | I8: 0 | J8: 0.22894224 | K8: 0.10311768
A9: 44927 | B9: 0.071511089 | C9: 0.292766 | D9: 0.23001786 | E9: 0 | F9: 0 | G9: 0.069627038 | H9: 0 | I9: 0 | J9: 0.21349322 | K9: 0.12258479
A10: 44958 | B10: 0.057114207 | C10: 0.31082716 | D10: 0.22407483 | E10: 0 | F10: 0 | G10: 0.065040928 | H10: 0 | I10: 0 | J10: 0.20869914 | K10: 0.13424374
A11: 44986 | B11: 0.058979895 | C11: 0.32030905 | D11: 0.20799815 | E11: 0 | F11: 0 | G11: 0.074256578 | H11: 0 | I11: 0 | J11: 0.20094882 | K11: 0.13750751
A12: 45017 | B12: 0.070803835 | C12: 0.33805146 | D12: 0.21459982 | E12: 0 | F12: 0 | G12: 0.063139889 | H12: 0 | I12: 0 | J12: 0.1433976 | K12: 0.17000739
A13: 45047 | B13: 0.064984351 | C13: 0.35518807 | D13: 0.20686543 | E13: 0 | F13: 0 | G13: 0.065180393 | H13: 0 | I13: 0 | J13: 0.14946101 | K13: 0.15832075
... A53: 46266 | B53: 0.21464087 | C53: 0.4541165 | D53: 0.22834826 | E53: 0 | F53: 0 | G53: 0.052799928 | H53: 0 | I53: 0 | J53: 0.034425019 | K53: 0.015669419

Sheet Weights_Corr
A1: Date | B1: Apple | C1: Microsoft | D1: Google | E1: Amazon | F1: Nvidia | G1: Meta | H1: AMD | I1: Tesla | J1: Intel | K1: Broadcom
A2: 44713 | B2: 0.079705967 | C2: 0.32698761 | D2: 0.2418421 | E2: 0.054614154 | F2: 0 | G2: 0 | H2: 0 | I2: 0 | J2: 0.21505606 | K2: 0.081794111
A3: 44743 | B3: 0.079159492 | C3: 0.33912321 | D3: 0.25306772 | E3: 0.049855987 | F3: 0 | G3: 0 | H3: 0 | I3: 0 | J3: 0.20423075 | K3: 0.074562847
A4: 44774 | B4: 0.067941588 | C4: 0.3364948 | D4: 0.26306932 | E4: 0.023367134 | F4: 0 | G4: 0.0048163255 | H4: 0 | I4: 0 | J4: 0.21995875 | K4: 0.084352086
A5: 44805 | B5: 0.069847788 | C5: 0.33358669 | D5: 0.2652633 | E5: 0.017394333 | F5: 0 | G5: 0.014125819 | H5: 0 | I5: 0 | J5: 0.21561728 | K5: 0.084164793
A6: 44835 | B6: 0.067902699 | C6: 0.34268356 | D6: 0.27306602 | E6: 0.01382047 | F6: 0 | G6: 0.010232605 | H6: 0 | I6: 0 | J6: 0.20420001 | K6: 0.088094638
A7: 44866 | B7: 0.074130807 | C7: 0.33961505 | D7: 0.28317565 | E7: 0.019716325 | F7: 0 | G7: 0 | H7: 0 | I7: 0 | J7: 0.19461598 | K7: 0.088746191
A8: 44896 | B8: 0.077191484 | C8: 0.34169258 | D8: 0.28089374 | E8: 0.020646973 | F8: 0 | G8: 0 | H8: 0 | I8: 0 | J8: 0.20025611 | K8: 0.079319116
A9: 44927 | B9: 0.076033687 | C9: 0.35167953 | D9: 0.26972067 | E9: 0.016081503 | F9: 0 | G9: 0 | H9: 0 | I9: 0 | J9: 0.19437804 | K9: 0.092106571
A10: 44958 | B10: 0.080608211 | C10: 0.36166514 | D10: 0.26617489 | E10: 0.0038280206 | F10: 0 | G10: 0 | H10: 0 | I10: 0 | J10: 0.19245537 | K10: 0.09526837
A11: 44986 | B11: 0.085395762 | C11: 0.3670593 | D11: 0.25900884 | E11: 0.0036402986 | F11: 0 | G11: 0 | H11: 0 | I11: 0 | J11: 0.18471948 | K11: 0.10017633
A12: 45017 | B12: 0.093724802 | C12: 0.37316813 | D12: 0.26292829 | E12: 0.0059753703 | F12: 0 | G12: 0 | H12: 0 | I12: 0 | J12: 0.13968413 | K12: 0.12451928
A13: 45047 | B13: 0.087681053 | C13: 0.39175584 | D13: 0.25576897 | E13: 0 | F13: 0 | G13: 0 | H13: 0 | I13: 0 | J13: 0.13964074 | K13: 0.1251534
... A53: 46266 | B53: 0.22334426 | C53: 0.48162586 | D53: 0.25092507 | E53: 0 | F53: 0 | G53: 0.025420565 | H53: 0 | I53: 0 | J53: 0 | K53: 0.018684248

Sheet Weights_SF
A1: Date | B1: Apple | C1: Microsoft | D1: Google | E1: Amazon | F1: Nvidia | G1: Meta | H1: AMD | I1: Tesla | J1: Intel | K1: Broadcom
A2: 44713 | B2: 0.055943442 | C2: 0.28185651 | D2: 0.21148334 | E2: 0.011892858 | F2: 0 | G2: 0.057572167 | H2: 0 | I2: 0 | J2: 0.26666818 | K2: 0.11458351
A3: 44743 | B3: 0.057799665 | C3: 0.2986088 | D3: 0.22917004 | E3: 0.0041744629 | F3: 0 | G3: 0.051411375 | H3: 0 | I3: 0 | J3: 0.25283076 | K3: 0.10600489
A4: 44774 | B4: 0.043189108 | C4: 0.30063608 | D4: 0.22682296 | E4: 0 | F4: 0 | G4: 0.06379486 | H4: 0 | I4: 0 | J4: 0.26285891 | K4: 0.10269808
A5: 44805 | B5: 0.046971821 | C5: 0.29960726 | D5: 0.22605163 | E5: 0 | F5: 0 | G5: 0.070169584 | H5: 0 | I5: 0 | J5: 0.25661303 | K5: 0.10058668
A6: 44835 | B6: 0.046623711 | C6: 0.31191624 | D6: 0.23217161 | E6: 0 | F6: 0 | G6: 0.062146572 | H6: 0 | I6: 0 | J6: 0.24121021 | K6: 0.10593165
A7: 44866 | B7: 0.047455501 | C7: 0.30643093 | D7: 0.24190906 | E7: 0 | F7: 0 | G7: 0.067409765 | H7: 0 | I7: 0 | J7: 0.23017184 | K7: 0.1066229
A8: 44896 | B8: 0.061151051 | C8: 0.30652183 | D8: 0.24269041 | E8: 0.0077010037 | F8: 0 | G8: 0.052054591 | H8: 0 | I8: 0 | J8: 0.23553559 | K8: 0.094345524
A9: 44927 | B9: 0.055291974 | C9: 0.31840095 | D9: 0.22689378 | E9: 0.00079795605 | F9: 0 | G9: 0.061199019 | H9: 0 | I9: 0 | J9: 0.2264892 | K9: 0.11092711
A10: 44958 | B10: 0.040841833 | C10: 0.33116304 | D10: 0.22301396 | E10: 0 | F10: 0 | G10: 0.05779685 | H10: 0 | I10: 0 | J10: 0.22403008 | K10: 0.12315424
A11: 44986 | B11: 0.043840926 | C11: 0.33814201 | D11: 0.21022368 | E11: 0 | F11: 0 | G11: 0.065640444 | H11: 0 | I11: 0 | J11: 0.21536111 | K11: 0.12679183
A12: 45017 | B12: 0.054724124 | C12: 0.34762338 | D12: 0.21567487 | E12: 0 | F12: 0 | G12: 0.059767005 | H12: 0 | I12: 0 | J12: 0.1739664 | K12: 0.14824421
A13: 45047 | B13: 0.048898143 | C13: 0.36639647 | D13: 0.20820217 | E13: 0 | F13: 0 | G13: 0.059852403 | H13: 0 | I13: 0 | J13: 0.17456164 | K13: 0.14208918
... A53: 46266 | B53: 0.20172926 | C53: 0.44580533 | D53: 0.21656716 | E53: 0.013993358 | F53: 0 | G53: 0.050285164 | H53: 0 | I53: 0 | J53: 0.011903185 | K53: 0.059716535

Sheet Weights_NLS
A1: Date | B1: Apple | C1: Microsoft | D1: Google | E1: Amazon | F1: Nvidia | G1: Meta | H1: AMD | I1: Tesla | J1: Intel | K1: Broadcom
A2: 44713 | B2: 0.062752364 | C2: 0.24262297 | D2: 0.225403 | E2: 0.004296323 | F2: 0 | G2: 0.087907723 | H2: 0 | I2: 0 | J2: 0.2521979 | K2: 0.12481972
A3: 44743 | B3: 0.065679087 | C3: 0.25556786 | D3: 0.24075197 | E3: 0 | F3: 0 | G3: 0.080720789 | H3: 0 | I3: 0 | J3: 0.2410564 | K3: 0.11622389
A4: 44774 | B4: 0.052493826 | C4: 0.26568102 | D4: 0.22206115 | E4: 0 | F4: 0 | G4: 0.096961373 | H4: 0 | I4: 0 | J4: 0.25288863 | K4: 0.109914
A5: 44805 | B5: 0.053819126 | C5: 0.26744809 | D5: 0.21711739 | E5: 0 | F5: 0 | G5: 0.10399362 | H5: 0 | I5: 0 | J5: 0.24914132 | K5: 0.10848045
A6: 44835 | B6: 0.053216241 | C6: 0.28283464 | D6: 0.22149566 | E6: 0 | F6: 0 | G6: 0.091529635 | H6: 0 | I6: 0 | J6: 0.22851778 | K6: 0.12240604
A7: 44866 | B7: 0.064305243 | C7: 0.26730594 | D7: 0.2355275 | E7: 0 | F7: 0 | G7: 0.08430151 | H7: 0 | I7: 0 | J7: 0.22751186 | K7: 0.12104795
A8: 44896 | B8: 0.089115404 | C8: 0.25480007 | D8: 0.24588447 | E8: 0.00012361401 | F8: 0 | G8: 0.067222035 | H8: 0 | I8: 0 | J8: 0.23434897 | K8: 0.10850544
A9: 44927 | B9: 0.079606706 | C9: 0.27219133 | D9: 0.22372718 | E9: 0 | F9: 0 | G9: 0.07823982 | H9: 0 | I9: 0 | J9: 0.21932912 | K9: 0.12690584
A10: 44958 | B10: 0.066097563 | C10: 0.29122775 | D10: 0.21568516 | E10: 0 | F10: 0 | G10: 0.074208441 | H10: 0 | I10: 0 | J10: 0.21639978 | K10: 0.13638131
A11: 44986 | B11: 0.068920557 | C11: 0.30223864 | D11: 0.20050475 | E11: 0 | F11: 0 | G11: 0.084191687 | H11: 0 | I11: 0 | J11: 0.20796371 | K11: 0.13618065
A12: 45017 | B12: 0.07948897 | C12: 0.3186368 | D12: 0.2072943 | E12: 0 | F12: 0 | G12: 0.070941083 | H12: 0 | I12: 0 | J12: 0.15204744 | K12: 0.17159141
A13: 45047 | B13: 0.074027334 | C13: 0.33500559 | D13: 0.19962015 | E13: 0 | F13: 0 | G13: 0.074327336 | H13: 0 | I13: 0 | J13: 0.15891465 | K13: 0.15810494
... A53: 46266 | B53: 0.22241914 | C53: 0.43847167 | D53: 0.23658273 | E53: 0 | F53: 0 | G53: 0.055055965 | H53: 0 | I53: 0 | J53: 0.034879121 | K53: 0.012591371

Sheet Info
A1: Parameter | B1: Value
A2: Input | B2: monthly.xlsx
A3: Training months | B3: 120
A4: Number of stocks | B4: 10
A5: Monthly return observations | B5: 172
A6: OOS months | B6: 52
A7: N/T | B7: 0.083333333
A8: First OOS date | B8: 2022-06-01
A9: Last OOS date | B9: 2026-09-01
